codigo,nombre,descripcion,cuenta,periodo,unidad,medida,Unidad,Medida,freq,familia,node,DESCRIPCION
19953,Activos,Activos,E07.37.01.00.00.00.00.00.00.M.CRC,Mensual,CRC,4,Colón Costarricense,Millones,M,M.CRC,Node('/BCCR/Sector Monetario y Financiero/Crédito al sector público no financiero de las otras socieda [20084]/Activos [19953]'),Node('/BCCR/Sector Monetario y Financiero/Crédito al sector público no financiero de las otras socieda [20084]/Activos [19953]')
20084,Crédito al sector público no financiero de las otras socieda,Crédito al sector público no financiero de las otras sociedades de depósito,E07.37.00.00.00.00.00.00.00.M.CRC,Mensual,CRC,1,Colón Costarricense,,M,M.CRC,Node('/BCCR/Sector Monetario y Financiero/Crédito al sector público no financiero de las otras socieda [20084]'),Node('/BCCR/Sector Monetario y Financiero/Crédito al sector público no financiero de las otras socieda [20084]')
20087,Crédito neto,Crédito neto,E07.37.03.00.00.00.00.00.00.M.CRC,Mensual,CRC,4,Colón Costarricense,Millones,M,M.CRC,Node('/BCCR/Sector Monetario y Financiero/Crédito al sector público no financiero de las otras socieda [20084]/Crédito neto [20087]'),Node('/BCCR/Sector Monetario y Financiero/Crédito al sector público no financiero de las otras socieda [20084]/Crédito neto [20087]')
20141,Depósitos Transferibles y Otros,Depósitos Transferibles y Otros,E07.37.02.01.00.00.00.00.00.M.CRC,Mensual,CRC,1,Colón Costarricense,,M,M.CRC,Node('/BCCR/Sector Monetario y Financiero/Crédito al sector público no financiero de las otras socieda [20084]/Pasivos [20518]/Depósitos Transferibles y Otros [20141]'),Node('/BCCR/Sector Monetario y Financiero/Crédito al sector público no financiero de las otras socieda [20084]/Pasivos [20518]/Depósitos Transferibles y Otros [20141]')
20202,Gobierno Central,Gobierno Central,E07.37.01.01.01.00.00.00.00.M.CRC,Mensual,CRC,4,Colón Costarricense,Millones,M,M.CRC,Node('/BCCR/Sector Monetario y Financiero/Crédito al sector público no financiero de las otras socieda [20084]/Activos [19953]/Valores Distintos de Acciones [20695]/Gobierno Central [20202]'),Node('/BCCR/Sector Monetario y Financiero/Crédito al sector público no financiero de las otras socieda [20084]/Activos [19953]/Valores Distintos de Acciones [20695]/Gobierno Central [20202]')
20203,Gobierno Central,Gobierno Central,E07.37.01.02.01.00.00.00.00.M.CRC,Mensual,CRC,4,Colón Costarricense,Millones,M,M.CRC,Node('/BCCR/Sector Monetario y Financiero/Crédito al sector público no financiero de las otras socieda [20084]/Activos [19953]/Préstamos [20552]/Gobierno Central [20203]'),Node('/BCCR/Sector Monetario y Financiero/Crédito al sector público no financiero de las otras socieda [20084]/Activos [19953]/Préstamos [20552]/Gobierno Central [20203]')
20204,Gobierno Central,Gobierno Central,E07.37.02.01.01.00.00.00.00.M.CRC,Mensual,CRC,4,Colón Costarricense,Millones,M,M.CRC,Node('/BCCR/Sector Monetario y Financiero/Crédito al sector público no financiero de las otras socieda [20084]/Pasivos [20518]/Depósitos Transferibles y Otros [20141]/Gobierno Central [20204]'),Node('/BCCR/Sector Monetario y Financiero/Crédito al sector público no financiero de las otras socieda [20084]/Pasivos [20518]/Depósitos Transferibles y Otros [20141]/Gobierno Central [20204]')
20205,Gobierno Central,Gobierno Central,E07.37.02.02.01.00.00.00.00.M.CRC,Mensual,CRC,4,Colón Costarricense,Millones,M,M.CRC,Node('/BCCR/Sector Monetario y Financiero/Crédito al sector público no financiero de las otras socieda [20084]/Pasivos [20518]/Valores [20683]/Gobierno Central [20205]'),Node('/BCCR/Sector Monetario y Financiero/Crédito al sector público no financiero de las otras socieda [20084]/Pasivos [20518]/Valores [20683]/Gobierno Central [20205]')
20234,Gobiernos Estatales y Locales,Gobiernos Estatales y Locales,E07.37.01.01.02.00.00.00.00.M.CRC,Mensual,CRC,4,Colón Costarricense,Millones,M,M.CRC,Node('/BCCR/Sector Monetario y Financiero/Crédito al sector público no financiero de las otras socieda [20084]/Activos [19953]/Valores Distintos de Acciones [20695]/Gobiernos Estatales y Locales [20234]'),Node('/BCCR/Sector Monetario y Financiero/Crédito al sector público no financiero de las otras socieda [20084]/Activos [19953]/Valores Distintos de Acciones [20695]/Gobiernos Estatales y Locales [20234]')
20235,Gobiernos Estatales y Locales,Gobiernos Estatales y Locales,E07.37.01.02.02.00.00.00.00.M.CRC,Mensual,CRC,4,Colón Costarricense,Millones,M,M.CRC,Node('/BCCR/Sector Monetario y Financiero/Crédito al sector público no financiero de las otras socieda [20084]/Activos [19953]/Préstamos [20552]/Gobiernos Estatales y Locales [20235]'),Node('/BCCR/Sector Monetario y Financiero/Crédito al sector público no financiero de las otras socieda [20084]/Activos [19953]/Préstamos [20552]/Gobiernos Estatales y Locales [20235]')
20236,Gobiernos Estatales y Locales,Gobiernos Estatales y Locales,E07.37.02.01.02.00.00.00.00.M.CRC,Mensual,CRC,4,Colón Costarricense,Millones,M,M.CRC,Node('/BCCR/Sector Monetario y Financiero/Crédito al sector público no financiero de las otras socieda [20084]/Pasivos [20518]/Depósitos Transferibles y Otros [20141]/Gobiernos Estatales y Locales [20236]'),Node('/BCCR/Sector Monetario y Financiero/Crédito al sector público no financiero de las otras socieda [20084]/Pasivos [20518]/Depósitos Transferibles y Otros [20141]/Gobiernos Estatales y Locales [20236]')
20237,Gobiernos Estatales y Locales,Gobiernos Estatales y Locales,E07.37.02.02.02.00.00.00.00.M.CRC,Mensual,CRC,4,Colón Costarricense,Millones,M,M.CRC,Node('/BCCR/Sector Monetario y Financiero/Crédito al sector público no financiero de las otras socieda [20084]/Pasivos [20518]/Valores [20683]/Gobiernos Estatales y Locales [20237]'),Node('/BCCR/Sector Monetario y Financiero/Crédito al sector público no financiero de las otras socieda [20084]/Pasivos [20518]/Valores [20683]/Gobiernos Estatales y Locales [20237]')
20405,Otros Activos,Otros Activos,E07.37.01.03.00.00.00.00.00.M.CRC,Mensual,CRC,4,Colón Costarricense,Millones,M,M.CRC,Node('/BCCR/Sector Monetario y Financiero/Crédito al sector público no financiero de las otras socieda [20084]/Activos [19953]/Otros Activos [20405]'),Node('/BCCR/Sector Monetario y Financiero/Crédito al sector público no financiero de las otras socieda [20084]/Activos [19953]/Otros Activos [20405]')
20457,Otros Pasivos,Otros Pasivos,E07.37.02.03.00.00.00.00.00.M.CRC,Mensual,CRC,4,Colón Costarricense,Millones,M,M.CRC,Node('/BCCR/Sector Monetario y Financiero/Crédito al sector público no financiero de las otras socieda [20084]/Pasivos [20518]/Otros Pasivos [20457]'),Node('/BCCR/Sector Monetario y Financiero/Crédito al sector público no financiero de las otras socieda [20084]/Pasivos [20518]/Otros Pasivos [20457]')
20518,Pasivos,Pasivos,E07.37.02.00.00.00.00.00.00.M.CRC,Mensual,CRC,4,Colón Costarricense,Millones,M,M.CRC,Node('/BCCR/Sector Monetario y Financiero/Crédito al sector público no financiero de las otras socieda [20084]/Pasivos [20518]'),Node('/BCCR/Sector Monetario y Financiero/Crédito al sector público no financiero de las otras socieda [20084]/Pasivos [20518]')
20552,Préstamos,Préstamos,E07.37.01.02.00.00.00.00.00.M.CRC,Mensual,CRC,1,Colón Costarricense,,M,M.CRC,Node('/BCCR/Sector Monetario y Financiero/Crédito al sector público no financiero de las otras socieda [20084]/Activos [19953]/Préstamos [20552]'),Node('/BCCR/Sector Monetario y Financiero/Crédito al sector público no financiero de las otras socieda [20084]/Activos [19953]/Préstamos [20552]')
20649,Sociedades Públicas no Financieras,Sociedades Públicas no Financieras,E07.37.01.01.03.00.00.00.00.M.CRC,Mensual,CRC,4,Colón Costarricense,Millones,M,M.CRC,Node('/BCCR/Sector Monetario y Financiero/Crédito al sector público no financiero de las otras socieda [20084]/Activos [19953]/Valores Distintos de Acciones [20695]/Sociedades Públicas no Financieras [20649]'),Node('/BCCR/Sector Monetario y Financiero/Crédito al sector público no financiero de las otras socieda [20084]/Activos [19953]/Valores Distintos de Acciones [20695]/Sociedades Públicas no Financieras [20649]')
20650,Sociedades Públicas no Financieras,Sociedades Públicas no Financieras,E07.37.01.02.03.00.00.00.00.M.CRC,Mensual,CRC,4,Colón Costarricense,Millones,M,M.CRC,Node('/BCCR/Sector Monetario y Financiero/Crédito al sector público no financiero de las otras socieda [20084]/Activos [19953]/Préstamos [20552]/Sociedades Públicas no Financieras [20650]'),Node('/BCCR/Sector Monetario y Financiero/Crédito al sector público no financiero de las otras socieda [20084]/Activos [19953]/Préstamos [20552]/Sociedades Públicas no Financieras [20650]')
20651,Sociedades Públicas no Financieras,Sociedades Públicas no Financieras,E07.37.02.01.03.00.00.00.00.M.CRC,Mensual,CRC,4,Colón Costarricense,Millones,M,M.CRC,Node('/BCCR/Sector Monetario y Financiero/Crédito al sector público no financiero de las otras socieda [20084]/Pasivos [20518]/Depósitos Transferibles y Otros [20141]/Sociedades Públicas no Financieras [20651]'),Node('/BCCR/Sector Monetario y Financiero/Crédito al sector público no financiero de las otras socieda [20084]/Pasivos [20518]/Depósitos Transferibles y Otros [20141]/Sociedades Públicas no Financieras [20651]')
20652,Sociedades Públicas no Financieras,Sociedades Públicas no Financieras,E07.37.02.02.03.00.00.00.00.M.CRC,Mensual,CRC,4,Colón Costarricense,Millones,M,M.CRC,Node('/BCCR/Sector Monetario y Financiero/Crédito al sector público no financiero de las otras socieda [20084]/Pasivos [20518]/Valores [20683]/Sociedades Públicas no Financieras [20652]'),Node('/BCCR/Sector Monetario y Financiero/Crédito al sector público no financiero de las otras socieda [20084]/Pasivos [20518]/Valores [20683]/Sociedades Públicas no Financieras [20652]')
20683,Valores,Valores,E07.37.02.02.00.00.00.00.00.M.CRC,Mensual,CRC,1,Colón Costarricense,,M,M.CRC,Node('/BCCR/Sector Monetario y Financiero/Crédito al sector público no financiero de las otras socieda [20084]/Pasivos [20518]/Valores [20683]'),Node('/BCCR/Sector Monetario y Financiero/Crédito al sector público no financiero de las otras socieda [20084]/Pasivos [20518]/Valores [20683]')
20695,Valores Distintos de Acciones,Valores Distintos de Acciones,E07.37.01.01.00.00.00.00.00.M.CRC,Mensual,CRC,1,Colón Costarricense,,M,M.CRC,Node('/BCCR/Sector Monetario y Financiero/Crédito al sector público no financiero de las otras socieda [20084]/Activos [19953]/Valores Distintos de Acciones [20695]'),Node('/BCCR/Sector Monetario y Financiero/Crédito al sector público no financiero de las otras socieda [20084]/Activos [19953]/Valores Distintos de Acciones [20695]')
