code,status,name,periodicidad,n
30,no_data,NA,NA,0
31,no_data,NA,NA,0
32,no_data,NA,NA,0
34,http_400,NA,NA,0
35,http_400,NA,NA,0
36,http_400,NA,NA,0
37,http_400,NA,NA,0
38,http_400,NA,NA,0
39,http_400,NA,NA,0
40,http_400,NA,NA,0
41,http_400,NA,NA,0
42,http_400,NA,NA,0
43,http_400,NA,NA,0
44,http_400,NA,NA,0
45,http_400,NA,NA,0
46,http_400,NA,NA,0
47,http_400,NA,NA,0
48,http_400,NA,NA,0
49,http_400,NA,NA,0
50,http_400,NA,NA,0
51,http_400,NA,NA,0
52,http_400,NA,NA,0
53,http_400,NA,NA,0
54,http_400,NA,NA,0
55,http_400,NA,NA,0
56,http_400,NA,NA,0
57,http_400,NA,NA,0
58,http_400,NA,NA,0
59,http_400,NA,NA,0
60,http_400,NA,NA,0
61,http_400,NA,NA,0
62,http_400,NA,NA,0
63,http_400,NA,NA,0
64,http_400,NA,NA,0
65,http_400,NA,NA,0
66,http_400,NA,NA,0
67,http_400,NA,NA,0
68,http_400,NA,NA,0
69,http_400,NA,NA,0
70,http_400,NA,NA,0
71,http_400,NA,NA,0
72,http_400,NA,NA,0
73,http_400,NA,NA,0
74,http_400,NA,NA,0
75,http_400,NA,NA,0
76,http_400,NA,NA,0
77,http_400,NA,NA,0
78,http_400,NA,NA,0
79,http_400,NA,NA,0
80,http_400,NA,NA,0
81,http_400,NA,NA,0
82,http_400,NA,NA,0
83,http_400,NA,NA,0
84,http_400,NA,NA,0
85,http_400,NA,NA,0
86,http_400,NA,NA,0
87,http_400,NA,NA,0
88,http_400,NA,NA,0
89,http_400,NA,NA,0
90,http_400,NA,NA,0
91,http_400,NA,NA,0
92,http_400,NA,NA,0
93,http_400,NA,NA,0
94,http_400,NA,NA,0
95,http_400,NA,NA,0
96,http_400,NA,NA,0
97,http_400,NA,NA,0
98,http_400,NA,NA,0
99,http_400,NA,NA,0
100,http_400,NA,NA,0
101,http_400,NA,NA,0
102,http_400,NA,NA,0
103,http_400,NA,NA,0
104,http_400,NA,NA,0
105,http_400,NA,NA,0
106,http_400,NA,NA,0
107,http_400,NA,NA,0
108,http_400,NA,NA,0
109,http_400,NA,NA,0
110,http_400,NA,NA,0
111,http_400,NA,NA,0
112,http_400,NA,NA,0
113,http_400,NA,NA,0
114,http_400,NA,NA,0
115,http_400,NA,NA,0
116,http_400,NA,NA,0
117,http_400,NA,NA,0
118,http_400,NA,NA,0
119,http_400,NA,NA,0
120,http_400,NA,NA,0
121,http_400,NA,NA,0
122,http_400,NA,NA,0
123,http_400,NA,NA,0
124,http_400,NA,NA,0
125,http_400,NA,NA,0
126,http_400,NA,NA,0
127,http_400,NA,NA,0
128,http_400,NA,NA,0
129,http_400,NA,NA,0
130,http_400,NA,NA,0
131,http_400,NA,NA,0
132,http_400,NA,NA,0
133,http_400,NA,NA,0
134,http_400,NA,NA,0
135,http_400,NA,NA,0
136,http_400,NA,NA,0
137,http_400,NA,NA,0
138,http_400,NA,NA,0
139,http_400,NA,NA,0
140,http_400,NA,NA,0
141,http_400,NA,NA,0
142,http_400,NA,NA,0
143,http_400,NA,NA,0
144,http_400,NA,NA,0
145,http_400,NA,NA,0
146,http_400,NA,NA,0
147,http_400,NA,NA,0
148,http_400,NA,NA,0
149,http_400,NA,NA,0
150,http_400,NA,NA,0
151,http_400,NA,NA,0
152,http_400,NA,NA,0
153,http_400,NA,NA,0
154,http_400,NA,NA,0
155,http_400,NA,NA,0
156,http_400,NA,NA,0
157,http_400,NA,NA,0
158,http_400,NA,NA,0
160,http_400,NA,NA,0
161,http_400,NA,NA,0
162,http_400,NA,NA,0
163,http_400,NA,NA,0
164,http_400,NA,NA,0
165,http_400,NA,NA,0
166,http_400,NA,NA,0
167,http_400,NA,NA,0
168,http_400,NA,NA,0
169,http_400,NA,NA,0
170,http_400,NA,NA,0
171,http_400,NA,NA,0
172,http_400,NA,NA,0
173,http_400,NA,NA,0
174,http_400,NA,NA,0
175,http_400,NA,NA,0
176,http_400,NA,NA,0
177,http_400,NA,NA,0
178,http_400,NA,NA,0
179,http_400,NA,NA,0
180,http_400,NA,NA,0
181,http_400,NA,NA,0
182,http_400,NA,NA,0
183,http_400,NA,NA,0
184,http_400,NA,NA,0
185,http_400,NA,NA,0
186,http_400,NA,NA,0
187,http_400,NA,NA,0
188,http_400,NA,NA,0
189,http_400,NA,NA,0
190,http_400,NA,NA,0
191,http_400,NA,NA,0
192,http_400,NA,NA,0
193,http_400,NA,NA,0
194,http_400,NA,NA,0
195,http_400,NA,NA,0
196,http_400,NA,NA,0
197,http_400,NA,NA,0
198,http_400,NA,NA,0
199,http_400,NA,NA,0
200,http_400,NA,NA,0
201,http_400,NA,NA,0
202,http_400,NA,NA,0
203,http_400,NA,NA,0
204,http_400,NA,NA,0
205,http_400,NA,NA,0
206,http_400,NA,NA,0
207,http_400,NA,NA,0
208,http_400,NA,NA,0
209,http_400,NA,NA,0
210,http_400,NA,NA,0
211,http_400,NA,NA,0
212,http_400,NA,NA,0
213,http_400,NA,NA,0
214,http_400,NA,NA,0
215,http_400,NA,NA,0
216,http_400,NA,NA,0
217,http_400,NA,NA,0
218,http_400,NA,NA,0
219,http_400,NA,NA,0
220,http_400,NA,NA,0
221,http_400,NA,NA,0
222,http_400,NA,NA,0
223,http_400,NA,NA,0
224,http_400,NA,NA,0
225,http_400,NA,NA,0
226,http_400,NA,NA,0
227,http_400,NA,NA,0
228,http_400,NA,NA,0
229,http_400,NA,NA,0
230,http_400,NA,NA,0
231,http_400,NA,NA,0
232,http_400,NA,NA,0
233,http_400,NA,NA,0
234,http_400,NA,NA,0
235,http_400,NA,NA,0
236,http_400,NA,NA,0
237,http_400,NA,NA,0
238,http_400,NA,NA,0
239,http_400,NA,NA,0
240,http_400,NA,NA,0
241,http_400,NA,NA,0
242,http_400,NA,NA,0
243,http_400,NA,NA,0
244,http_400,NA,NA,0
245,http_400,NA,NA,0
246,http_400,NA,NA,0
247,http_400,NA,NA,0
248,http_400,NA,NA,0
249,http_400,NA,NA,0
250,http_400,NA,NA,0
251,http_400,NA,NA,0
252,http_400,NA,NA,0
253,http_400,NA,NA,0
254,http_400,NA,NA,0
255,http_400,NA,NA,0
256,http_400,NA,NA,0
257,http_400,NA,NA,0
258,http_400,NA,NA,0
259,http_400,NA,NA,0
260,http_400,NA,NA,0
261,http_400,NA,NA,0
262,http_400,NA,NA,0
263,http_400,NA,NA,0
264,http_400,NA,NA,0
265,http_400,NA,NA,0
266,http_400,NA,NA,0
267,http_400,NA,NA,0
268,http_400,NA,NA,0
269,http_400,NA,NA,0
270,http_400,NA,NA,0
271,http_400,NA,NA,0
272,http_400,NA,NA,0
273,http_400,NA,NA,0
274,http_400,NA,NA,0
275,http_400,NA,NA,0
276,http_400,NA,NA,0
277,http_400,NA,NA,0
278,http_400,NA,NA,0
279,http_400,NA,NA,0
280,http_400,NA,NA,0
281,http_400,NA,NA,0
282,http_400,NA,NA,0
283,http_400,NA,NA,0
284,http_400,NA,NA,0
285,http_400,NA,NA,0
286,http_400,NA,NA,0
287,http_400,NA,NA,0
288,http_400,NA,NA,0
289,http_400,NA,NA,0
290,http_400,NA,NA,0
291,http_400,NA,NA,0
292,http_400,NA,NA,0
293,http_400,NA,NA,0
294,http_400,NA,NA,0
295,http_400,NA,NA,0
296,http_400,NA,NA,0
297,http_400,NA,NA,0
298,http_400,NA,NA,0
299,http_400,NA,NA,0
300,http_400,NA,NA,0
4400,http_400,NA,NA,0
4401,http_400,NA,NA,0
4402,http_400,NA,NA,0
4403,http_400,NA,NA,0
4404,http_400,NA,NA,0
4405,http_400,NA,NA,0
4406,http_400,NA,NA,0
4407,http_400,NA,NA,0
4408,http_400,NA,NA,0
4409,http_400,NA,NA,0
4410,http_400,NA,NA,0
4411,http_400,NA,NA,0
4412,http_400,NA,NA,0
4413,http_400,NA,NA,0
4414,http_400,NA,NA,0
4415,http_400,NA,NA,0
4416,http_400,NA,NA,0
4417,http_400,NA,NA,0
4418,http_400,NA,NA,0
4419,http_400,NA,NA,0
4420,http_400,NA,NA,0
4421,http_400,NA,NA,0
4422,http_400,NA,NA,0
4423,http_400,NA,NA,0
4424,http_400,NA,NA,0
4425,http_400,NA,NA,0
4426,http_400,NA,NA,0
4427,http_400,NA,NA,0
4428,http_400,NA,NA,0
4429,http_400,NA,NA,0
4430,http_400,NA,NA,0
4431,http_400,NA,NA,0
4432,http_400,NA,NA,0
4433,http_400,NA,NA,0
4434,http_400,NA,NA,0
4435,http_400,NA,NA,0
4436,http_400,NA,NA,0
4437,http_400,NA,NA,0
4438,http_400,NA,NA,0
4439,http_400,NA,NA,0
4440,http_400,NA,NA,0
4441,http_400,NA,NA,0
4442,http_400,NA,NA,0
4443,http_400,NA,NA,0
4444,http_400,NA,NA,0
4445,http_400,NA,NA,0
4446,http_400,NA,NA,0
4447,http_400,NA,NA,0
4448,http_400,NA,NA,0
4449,http_400,NA,NA,0
4450,http_400,NA,NA,0
4451,http_400,NA,NA,0
4452,http_400,NA,NA,0
4453,http_400,NA,NA,0
4454,http_400,NA,NA,0
4455,http_400,NA,NA,0
4456,http_400,NA,NA,0
4457,http_400,NA,NA,0
4458,http_400,NA,NA,0
4459,http_400,NA,NA,0
4460,http_400,NA,NA,0
4461,http_400,NA,NA,0
4462,http_400,NA,NA,0
4463,http_400,NA,NA,0
4464,http_400,NA,NA,0
4465,http_400,NA,NA,0
4466,http_400,NA,NA,0
4467,http_400,NA,NA,0
4468,http_400,NA,NA,0
4469,http_400,NA,NA,0
4470,http_400,NA,NA,0
4471,http_400,NA,NA,0
4472,http_400,NA,NA,0
4473,http_400,NA,NA,0
4474,http_400,NA,NA,0
4475,http_400,NA,NA,0
4476,http_400,NA,NA,0
4477,http_400,NA,NA,0
4478,http_400,NA,NA,0
4479,http_400,NA,NA,0
4480,http_400,NA,NA,0
4481,http_400,NA,NA,0
4482,http_400,NA,NA,0
4483,http_400,NA,NA,0
4484,http_400,NA,NA,0
4485,http_400,NA,NA,0
4486,http_400,NA,NA,0
4487,http_400,NA,NA,0
4488,http_400,NA,NA,0
4489,http_400,NA,NA,0
4490,http_400,NA,NA,0
4491,http_400,NA,NA,0
4492,http_400,NA,NA,0
4493,http_400,NA,NA,0
4494,http_400,NA,NA,0
4495,http_400,NA,NA,0
4496,http_400,NA,NA,0
4497,http_400,NA,NA,0
4498,http_400,NA,NA,0
4499,http_400,NA,NA,0
4500,http_400,NA,NA,0
4501,http_400,NA,NA,0
4502,http_400,NA,NA,0
4503,http_400,NA,NA,0
4504,http_400,NA,NA,0
4505,http_400,NA,NA,0
4506,http_400,NA,NA,0
4507,http_400,NA,NA,0
4508,http_400,NA,NA,0
4509,http_400,NA,NA,0
4510,http_400,NA,NA,0
4511,http_400,NA,NA,0
4512,http_400,NA,NA,0
4513,http_400,NA,NA,0
4514,http_400,NA,NA,0
4515,http_400,NA,NA,0
4516,http_400,NA,NA,0
4517,http_400,NA,NA,0
4518,http_400,NA,NA,0
4519,http_400,NA,NA,0
4520,http_400,NA,NA,0
4521,http_400,NA,NA,0
4522,http_400,NA,NA,0
4523,http_400,NA,NA,0
4524,http_400,NA,NA,0
4525,http_400,NA,NA,0
4526,http_400,NA,NA,0
4527,http_400,NA,NA,0
4528,http_400,NA,NA,0
4529,http_400,NA,NA,0
4530,http_400,NA,NA,0
4531,http_400,NA,NA,0
4532,http_400,NA,NA,0
4533,http_400,NA,NA,0
4534,http_400,NA,NA,0
4535,http_400,NA,NA,0
4536,http_400,NA,NA,0
4537,http_400,NA,NA,0
4538,http_400,NA,NA,0
4539,http_400,NA,NA,0
4540,http_400,NA,NA,0
4541,http_400,NA,NA,0
4542,http_400,NA,NA,0
4543,http_400,NA,NA,0
4544,http_400,NA,NA,0
4545,http_400,NA,NA,0
4546,http_400,NA,NA,0
4547,http_400,NA,NA,0
4548,http_400,NA,NA,0
4549,http_400,NA,NA,0
4550,http_400,NA,NA,0
4551,http_400,NA,NA,0
4552,http_400,NA,NA,0
4553,http_400,NA,NA,0
4554,http_400,NA,NA,0
4555,http_400,NA,NA,0
4556,http_400,NA,NA,0
4557,http_400,NA,NA,0
4558,http_400,NA,NA,0
4559,http_400,NA,NA,0
4560,http_400,NA,NA,0
4561,http_400,NA,NA,0
4562,http_400,NA,NA,0
4563,http_400,NA,NA,0
4564,http_400,NA,NA,0
4565,http_400,NA,NA,0
4566,http_400,NA,NA,0
4567,http_400,NA,NA,0
4568,http_400,NA,NA,0
4569,http_400,NA,NA,0
4570,http_400,NA,NA,0
4571,http_400,NA,NA,0
4572,http_400,NA,NA,0
4573,http_400,NA,NA,0
4574,http_400,NA,NA,0
4575,http_400,NA,NA,0
4576,http_400,NA,NA,0
4577,http_400,NA,NA,0
4578,http_400,NA,NA,0
4579,http_400,NA,NA,0
4580,http_400,NA,NA,0
4581,http_400,NA,NA,0
4582,http_400,NA,NA,0
4583,http_400,NA,NA,0
4584,http_400,NA,NA,0
4585,http_400,NA,NA,0
4586,http_400,NA,NA,0
4587,http_400,NA,NA,0
4588,http_400,NA,NA,0
4589,http_400,NA,NA,0
4590,http_400,NA,NA,0
4591,http_400,NA,NA,0
4592,http_400,NA,NA,0
4593,http_400,NA,NA,0
4594,http_400,NA,NA,0
4595,http_400,NA,NA,0
4596,http_400,NA,NA,0
4597,http_400,NA,NA,0
4598,http_400,NA,NA,0
4599,http_400,NA,NA,0
4600,http_400,NA,NA,0
4601,http_400,NA,NA,0
4602,http_400,NA,NA,0
4603,http_400,NA,NA,0
4604,http_400,NA,NA,0
4605,http_400,NA,NA,0
4606,http_400,NA,NA,0
4607,http_400,NA,NA,0
4608,http_400,NA,NA,0
4609,http_400,NA,NA,0
4610,http_400,NA,NA,0
4611,http_400,NA,NA,0
4612,http_400,NA,NA,0
4613,http_400,NA,NA,0
4614,http_400,NA,NA,0
4615,http_400,NA,NA,0
4616,http_400,NA,NA,0
4617,http_400,NA,NA,0
4618,http_400,NA,NA,0
4619,http_400,NA,NA,0
4620,http_400,NA,NA,0
4621,http_400,NA,NA,0
4622,http_400,NA,NA,0
4623,http_400,NA,NA,0
4624,http_400,NA,NA,0
4625,http_400,NA,NA,0
4626,http_400,NA,NA,0
4627,http_400,NA,NA,0
4628,http_400,NA,NA,0
4629,http_400,NA,NA,0
4630,http_400,NA,NA,0
4631,http_400,NA,NA,0
4632,http_400,NA,NA,0
4633,http_400,NA,NA,0
4634,http_400,NA,NA,0
4635,http_400,NA,NA,0
4636,http_400,NA,NA,0
4637,http_400,NA,NA,0
4638,http_400,NA,NA,0
4639,http_400,NA,NA,0
4640,http_400,NA,NA,0
4641,http_400,NA,NA,0
4642,http_400,NA,NA,0
4643,http_400,NA,NA,0
4644,http_400,NA,NA,0
4645,http_400,NA,NA,0
4646,http_400,NA,NA,0
4647,http_400,NA,NA,0
4648,http_400,NA,NA,0
4649,http_400,NA,NA,0
4650,http_400,NA,NA,0
4651,http_400,NA,NA,0
4652,http_400,NA,NA,0
4653,http_400,NA,NA,0
4654,http_400,NA,NA,0
4655,http_400,NA,NA,0
4656,http_400,NA,NA,0
4657,http_400,NA,NA,0
4658,http_400,NA,NA,0
4659,http_400,NA,NA,0
4660,http_400,NA,NA,0
4661,http_400,NA,NA,0
4662,http_400,NA,NA,0
4663,http_400,NA,NA,0
4664,http_400,NA,NA,0
4665,http_400,NA,NA,0
4666,http_400,NA,NA,0
4667,http_400,NA,NA,0
4668,http_400,NA,NA,0
4669,http_400,NA,NA,0
4670,http_400,NA,NA,0
4671,http_400,NA,NA,0
4672,http_400,NA,NA,0
4673,http_400,NA,NA,0
4674,http_400,NA,NA,0
4675,http_400,NA,NA,0
4676,http_400,NA,NA,0
4677,http_400,NA,NA,0
4678,http_400,NA,NA,0
4679,http_400,NA,NA,0
4680,http_400,NA,NA,0
4681,http_400,NA,NA,0
4682,http_400,NA,NA,0
4683,http_400,NA,NA,0
4684,http_400,NA,NA,0
4685,http_400,NA,NA,0
4686,http_400,NA,NA,0
4687,http_400,NA,NA,0
4688,http_400,NA,NA,0
4689,http_400,NA,NA,0
4690,http_400,NA,NA,0
4691,http_400,NA,NA,0
4692,http_400,NA,NA,0
4693,http_400,NA,NA,0
4694,http_400,NA,NA,0
4695,http_400,NA,NA,0
4696,http_400,NA,NA,0
4697,http_400,NA,NA,0
4698,http_400,NA,NA,0
4699,http_400,NA,NA,0
4700,http_400,NA,NA,0
4701,http_400,NA,NA,0
4702,http_400,NA,NA,0
4703,http_400,NA,NA,0
4704,http_400,NA,NA,0
4705,http_400,NA,NA,0
4706,http_400,NA,NA,0
4707,http_400,NA,NA,0
4708,http_400,NA,NA,0
4709,http_400,NA,NA,0
4710,http_400,NA,NA,0
4711,http_400,NA,NA,0
4712,http_400,NA,NA,0
4713,http_400,NA,NA,0
4714,http_400,NA,NA,0
4715,http_400,NA,NA,0
4716,http_400,NA,NA,0
4717,http_400,NA,NA,0
4718,http_400,NA,NA,0
4719,http_400,NA,NA,0
4720,no_data,NA,NA,0
4721,http_400,NA,NA,0
4722,no_data,NA,NA,0
4723,http_400,NA,NA,0
4724,http_400,NA,NA,0
4725,http_400,NA,NA,0
4726,no_data,NA,NA,0
4727,http_400,NA,NA,0
4728,http_400,NA,NA,0
4729,no_data,NA,NA,0
4730,http_400,NA,NA,0
4731,http_400,NA,NA,0
4732,no_data,NA,NA,0
4733,http_400,NA,NA,0
4734,http_400,NA,NA,0
4735,no_data,NA,NA,0
4736,http_400,NA,NA,0
4737,http_400,NA,NA,0
4738,no_data,NA,NA,0
4739,http_400,NA,NA,0
4740,http_400,NA,NA,0
4741,http_400,NA,NA,0
4742,http_400,NA,NA,0
4743,http_400,NA,NA,0
4744,http_400,NA,NA,0
4745,http_400,NA,NA,0
4746,http_400,NA,NA,0
4747,http_400,NA,NA,0
4748,http_400,NA,NA,0
4749,no_data,NA,NA,0
4750,http_400,NA,NA,0
4751,http_400,NA,NA,0
4752,no_data,NA,NA,0
4753,http_400,NA,NA,0
4754,http_400,NA,NA,0
4755,no_data,NA,NA,0
4756,no_data,NA,NA,0
4757,http_400,NA,NA,0
4758,http_400,NA,NA,0
4759,http_400,NA,NA,0
4760,no_data,NA,NA,0
4761,http_400,NA,NA,0
4762,http_400,NA,NA,0
4763,http_400,NA,NA,0
4764,no_data,NA,NA,0
4765,http_400,NA,NA,0
4766,http_400,NA,NA,0
4767,http_400,NA,NA,0
4768,no_data,NA,NA,0
4769,http_400,NA,NA,0
4770,http_400,NA,NA,0
4771,http_400,NA,NA,0
4772,http_400,NA,NA,0
4773,http_400,NA,NA,0
4774,http_400,NA,NA,0
4775,http_400,NA,NA,0
4776,http_400,NA,NA,0
4777,http_400,NA,NA,0
4778,no_data,NA,NA,0
4779,http_400,NA,NA,0
4780,http_400,NA,NA,0
4781,http_400,NA,NA,0
4782,no_data,NA,NA,0
4783,http_400,NA,NA,0
4784,http_400,NA,NA,0
4785,http_400,NA,NA,0
4786,no_data,NA,NA,0
4787,http_400,NA,NA,0
4788,http_400,NA,NA,0
4789,http_400,NA,NA,0
4790,no_data,NA,NA,0
4791,http_400,NA,NA,0
4792,http_400,NA,NA,0
4793,http_400,NA,NA,0
4794,no_data,NA,NA,0
4795,http_400,NA,NA,0
4796,http_400,NA,NA,0
4797,http_400,NA,NA,0
4798,no_data,NA,NA,0
4799,http_400,NA,NA,0
4800,http_400,NA,NA,0
4801,http_400,NA,NA,0
4802,no_data,NA,NA,0
4803,http_400,NA,NA,0
4804,http_400,NA,NA,0
4805,http_400,NA,NA,0
4806,no_data,NA,NA,0
4807,http_400,NA,NA,0
4808,http_400,NA,NA,0
4809,http_400,NA,NA,0
4810,no_data,NA,NA,0
4811,http_400,NA,NA,0
4812,http_400,NA,NA,0
4813,http_400,NA,NA,0
4815,http_400,NA,NA,0
4816,http_400,NA,NA,0
4817,http_400,NA,NA,0
4818,http_400,NA,NA,0
4819,http_400,NA,NA,0
4820,http_400,NA,NA,0
4821,http_400,NA,NA,0
4822,http_400,NA,NA,0
4823,http_400,NA,NA,0
4824,no_data,NA,NA,0
4825,http_400,NA,NA,0
4826,http_400,NA,NA,0
4827,http_400,NA,NA,0
4828,no_data,NA,NA,0
4829,http_400,NA,NA,0
4830,http_400,NA,NA,0
4831,no_data,NA,NA,0
4832,http_400,NA,NA,0
4833,http_400,NA,NA,0
4834,no_data,NA,NA,0
4835,http_400,NA,NA,0
4836,http_400,NA,NA,0
4837,no_data,NA,NA,0
4838,http_400,NA,NA,0
4839,http_400,NA,NA,0
4840,no_data,NA,NA,0
4841,http_400,NA,NA,0
4842,http_400,NA,NA,0
4843,http_400,NA,NA,0
4844,http_400,NA,NA,0
4845,http_400,NA,NA,0
4846,http_400,NA,NA,0
4847,http_400,NA,NA,0
4848,http_400,NA,NA,0
4849,http_400,NA,NA,0
4850,http_400,NA,NA,0
4851,no_data,NA,NA,0
4852,http_400,NA,NA,0
4853,http_400,NA,NA,0
4854,no_data,NA,NA,0
4855,http_400,NA,NA,0
4856,http_400,NA,NA,0
4857,no_data,NA,NA,0
4858,http_400,NA,NA,0
4859,http_400,NA,NA,0
4860,http_400,NA,NA,0
4861,http_400,NA,NA,0
4862,http_400,NA,NA,0
4863,http_400,NA,NA,0
4864,http_400,NA,NA,0
4865,http_400,NA,NA,0
4866,http_400,NA,NA,0
4867,http_400,NA,NA,0
4868,http_400,NA,NA,0
4869,http_400,NA,NA,0
4870,http_400,NA,NA,0
4871,http_400,NA,NA,0
4872,http_400,NA,NA,0
4873,http_400,NA,NA,0
4874,http_400,NA,NA,0
4875,http_400,NA,NA,0
4876,http_400,NA,NA,0
4877,http_400,NA,NA,0
4878,http_400,NA,NA,0
4879,http_400,NA,NA,0
4880,http_400,NA,NA,0
4881,http_400,NA,NA,0
4882,http_400,NA,NA,0
4883,http_400,NA,NA,0
4884,http_400,NA,NA,0
4885,http_400,NA,NA,0
4886,http_400,NA,NA,0
4887,http_400,NA,NA,0
4888,http_400,NA,NA,0
4889,http_400,NA,NA,0
4890,http_400,NA,NA,0
4891,http_400,NA,NA,0
4892,http_400,NA,NA,0
4893,http_400,NA,NA,0
4894,http_400,NA,NA,0
4895,http_400,NA,NA,0
4896,http_400,NA,NA,0
4897,http_400,NA,NA,0
4898,http_400,NA,NA,0
4899,http_400,NA,NA,0
4900,http_400,NA,NA,0
4901,http_400,NA,NA,0
4902,http_400,NA,NA,0
4903,http_400,NA,NA,0
4904,http_400,NA,NA,0
4905,http_400,NA,NA,0
4906,http_400,NA,NA,0
4907,http_400,NA,NA,0
4908,http_400,NA,NA,0
4909,http_400,NA,NA,0
4910,http_400,NA,NA,0
4911,http_400,NA,NA,0
4912,http_400,NA,NA,0
4913,http_400,NA,NA,0
4914,http_400,NA,NA,0
4915,http_400,NA,NA,0
4916,http_400,NA,NA,0
4917,http_400,NA,NA,0
4918,http_400,NA,NA,0
4919,no_data,NA,NA,0
4920,no_data,NA,NA,0
4921,no_data,NA,NA,0
4922,no_data,NA,NA,0
4923,no_data,NA,NA,0
4924,no_data,NA,NA,0
4925,no_data,NA,NA,0
4926,no_data,NA,NA,0
4927,no_data,NA,NA,0
4928,no_data,NA,NA,0
4929,no_data,NA,NA,0
4930,no_data,NA,NA,0
4931,no_data,NA,NA,0
4932,no_data,NA,NA,0
4933,no_data,NA,NA,0
4934,no_data,NA,NA,0
4935,no_data,NA,NA,0
4936,http_400,NA,NA,0
4937,http_400,NA,NA,0
4938,http_400,NA,NA,0
4939,http_400,NA,NA,0
4940,http_400,NA,NA,0
4941,http_400,NA,NA,0
4942,http_400,NA,NA,0
4943,http_400,NA,NA,0
4944,no_data,NA,NA,0
4945,no_data,NA,NA,0
4946,no_data,NA,NA,0
4947,no_data,NA,NA,0
4948,no_data,NA,NA,0
4949,no_data,NA,NA,0
4950,no_data,NA,NA,0
4951,no_data,NA,NA,0
4952,no_data,NA,NA,0
4953,no_data,NA,NA,0
4954,no_data,NA,NA,0
4955,no_data,NA,NA,0
4956,http_400,NA,NA,0
4957,http_400,NA,NA,0
4958,http_400,NA,NA,0
4959,http_400,NA,NA,0
4960,http_400,NA,NA,0
4961,http_400,NA,NA,0
4962,http_400,NA,NA,0
4963,http_400,NA,NA,0
4964,http_400,NA,NA,0
4965,http_400,NA,NA,0
4966,http_400,NA,NA,0
4967,http_400,NA,NA,0
4968,http_400,NA,NA,0
4969,http_400,NA,NA,0
4970,http_400,NA,NA,0
4971,http_400,NA,NA,0
4972,http_400,NA,NA,0
4973,http_400,NA,NA,0
4974,http_400,NA,NA,0
4975,http_400,NA,NA,0
4976,http_400,NA,NA,0
4977,http_400,NA,NA,0
4978,http_400,NA,NA,0
4979,http_400,NA,NA,0
4980,http_400,NA,NA,0
4981,http_400,NA,NA,0
4982,http_400,NA,NA,0
4983,http_400,NA,NA,0
4984,http_400,NA,NA,0
4985,http_400,NA,NA,0
4986,http_400,NA,NA,0
4987,http_400,NA,NA,0
4988,http_400,NA,NA,0
4989,http_400,NA,NA,0
4990,http_400,NA,NA,0
4991,http_400,NA,NA,0
4992,http_400,NA,NA,0
4993,http_400,NA,NA,0
4994,http_400,NA,NA,0
4995,http_400,NA,NA,0
4996,http_400,NA,NA,0
4997,http_400,NA,NA,0
4998,http_400,NA,NA,0
4999,http_400,NA,NA,0
5000,http_400,NA,NA,0
5001,http_400,NA,NA,0
5002,http_400,NA,NA,0
5003,http_400,NA,NA,0
5004,http_400,NA,NA,0
5005,http_400,NA,NA,0
5006,http_400,NA,NA,0
5007,http_400,NA,NA,0
5008,http_400,NA,NA,0
5009,http_400,NA,NA,0
5010,http_400,NA,NA,0
5011,http_400,NA,NA,0
5012,http_400,NA,NA,0
5013,http_400,NA,NA,0
5014,http_400,NA,NA,0
5015,http_400,NA,NA,0
5016,http_400,NA,NA,0
5017,http_400,NA,NA,0
5018,http_400,NA,NA,0
5019,http_400,NA,NA,0
5020,http_400,NA,NA,0
5021,http_400,NA,NA,0
5022,http_400,NA,NA,0
5023,http_400,NA,NA,0
5024,http_400,NA,NA,0
5025,http_400,NA,NA,0
5026,http_400,NA,NA,0
5027,http_400,NA,NA,0
5028,http_400,NA,NA,0
5029,http_400,NA,NA,0
5030,http_400,NA,NA,0
5031,no_data,NA,NA,0
5032,no_data,NA,NA,0
5033,no_data,NA,NA,0
5034,no_data,NA,NA,0
5035,no_data,NA,NA,0
5036,no_data,NA,NA,0
5037,no_data,NA,NA,0
5038,no_data,NA,NA,0
5039,http_400,NA,NA,0
5040,http_400,NA,NA,0
5041,no_data,NA,NA,0
5042,no_data,NA,NA,0
5043,http_400,NA,NA,0
5044,http_400,NA,NA,0
5045,http_400,NA,NA,0
5046,http_400,NA,NA,0
5047,http_400,NA,NA,0
5048,http_400,NA,NA,0
5049,no_data,NA,NA,0
5050,no_data,NA,NA,0
5051,no_data,NA,NA,0
5052,no_data,NA,NA,0
5053,http_400,NA,NA,0
5054,http_400,NA,NA,0
5055,http_400,NA,NA,0
5056,http_400,NA,NA,0
5057,http_400,NA,NA,0
5058,http_400,NA,NA,0
5059,http_400,NA,NA,0
5060,http_400,NA,NA,0
5061,http_400,NA,NA,0
5062,http_400,NA,NA,0
5063,http_400,NA,NA,0
5064,http_400,NA,NA,0
5065,http_400,NA,NA,0
5066,http_400,NA,NA,0
5067,http_400,NA,NA,0
5068,http_400,NA,NA,0
5069,http_400,NA,NA,0
5070,http_400,NA,NA,0
5071,http_400,NA,NA,0
5072,http_400,NA,NA,0
5073,http_400,NA,NA,0
5074,http_400,NA,NA,0
5075,http_400,NA,NA,0
5076,http_400,NA,NA,0
5077,http_400,NA,NA,0
5078,http_400,NA,NA,0
5079,http_400,NA,NA,0
5080,http_400,NA,NA,0
5081,http_400,NA,NA,0
5082,http_400,NA,NA,0
5083,http_400,NA,NA,0
5084,http_400,NA,NA,0
5085,http_400,NA,NA,0
5086,http_400,NA,NA,0
5087,http_400,NA,NA,0
5088,http_400,NA,NA,0
5089,http_400,NA,NA,0
5090,http_400,NA,NA,0
5091,http_400,NA,NA,0
5092,http_400,NA,NA,0
5093,http_400,NA,NA,0
5094,http_400,NA,NA,0
5095,http_400,NA,NA,0
5096,http_400,NA,NA,0
5097,http_400,NA,NA,0
5098,http_400,NA,NA,0
5099,http_400,NA,NA,0
5100,http_400,NA,NA,0
5101,http_400,NA,NA,0
5102,http_400,NA,NA,0
5103,http_400,NA,NA,0
5104,http_400,NA,NA,0
5105,http_400,NA,NA,0
5106,http_400,NA,NA,0
5107,http_400,NA,NA,0
5108,http_400,NA,NA,0
5109,http_400,NA,NA,0
5110,http_400,NA,NA,0
5111,http_400,NA,NA,0
5112,http_400,NA,NA,0
5113,http_400,NA,NA,0
5114,http_400,NA,NA,0
5115,http_400,NA,NA,0
5116,http_400,NA,NA,0
5117,http_400,NA,NA,0
5118,http_400,NA,NA,0
5119,http_400,NA,NA,0
5120,http_400,NA,NA,0
5121,http_400,NA,NA,0
5122,http_400,NA,NA,0
5123,http_400,NA,NA,0
5124,http_400,NA,NA,0
5125,http_400,NA,NA,0
5126,http_400,NA,NA,0
5127,http_400,NA,NA,0
5128,http_400,NA,NA,0
5129,http_400,NA,NA,0
5130,http_400,NA,NA,0
5131,http_400,NA,NA,0
5132,http_400,NA,NA,0
5133,http_400,NA,NA,0
5134,http_400,NA,NA,0
5135,http_400,NA,NA,0
5136,http_400,NA,NA,0
5137,http_400,NA,NA,0
5138,http_400,NA,NA,0
5139,http_400,NA,NA,0
5140,http_400,NA,NA,0
5141,http_400,NA,NA,0
5142,http_400,NA,NA,0
5143,http_400,NA,NA,0
5144,http_400,NA,NA,0
5145,http_400,NA,NA,0
5146,http_400,NA,NA,0
5147,http_400,NA,NA,0
5148,http_400,NA,NA,0
5149,http_400,NA,NA,0
5150,http_400,NA,NA,0
5151,http_400,NA,NA,0
5152,http_400,NA,NA,0
5153,http_400,NA,NA,0
5154,http_400,NA,NA,0
5155,http_400,NA,NA,0
5156,http_400,NA,NA,0
5157,http_400,NA,NA,0
5158,http_400,NA,NA,0
5159,http_400,NA,NA,0
5160,http_400,NA,NA,0
5161,http_400,NA,NA,0
5162,http_400,NA,NA,0
5163,http_400,NA,NA,0
5164,http_400,NA,NA,0
5165,http_400,NA,NA,0
5166,http_400,NA,NA,0
5167,http_400,NA,NA,0
5168,http_400,NA,NA,0
5169,http_400,NA,NA,0
5170,http_400,NA,NA,0
5171,http_400,NA,NA,0
5172,http_400,NA,NA,0
5173,http_400,NA,NA,0
5174,http_400,NA,NA,0
5175,http_400,NA,NA,0
5176,http_400,NA,NA,0
5177,http_400,NA,NA,0
5178,http_400,NA,NA,0
5179,http_400,NA,NA,0
5180,http_400,NA,NA,0
5181,http_400,NA,NA,0
5182,http_400,NA,NA,0
5183,http_400,NA,NA,0
5184,http_400,NA,NA,0
5185,http_400,NA,NA,0
5186,http_400,NA,NA,0
5187,http_400,NA,NA,0
5188,http_400,NA,NA,0
5189,http_400,NA,NA,0
5190,http_400,NA,NA,0
5191,http_400,NA,NA,0
5192,http_400,NA,NA,0
5193,http_400,NA,NA,0
5194,http_400,NA,NA,0
5195,http_400,NA,NA,0
5196,http_400,NA,NA,0
5197,http_400,NA,NA,0
5198,http_400,NA,NA,0
5199,http_400,NA,NA,0
5200,http_400,NA,NA,0
5201,http_400,NA,NA,0
5202,http_400,NA,NA,0
5203,http_400,NA,NA,0
5204,http_400,NA,NA,0
5205,http_400,NA,NA,0
5206,http_400,NA,NA,0
5207,http_400,NA,NA,0
5208,http_400,NA,NA,0
5209,http_400,NA,NA,0
5210,http_400,NA,NA,0
5211,http_400,NA,NA,0
5212,http_400,NA,NA,0
5213,http_400,NA,NA,0
5214,http_400,NA,NA,0
5215,http_400,NA,NA,0
5216,http_400,NA,NA,0
5217,http_400,NA,NA,0
5218,http_400,NA,NA,0
5219,http_400,NA,NA,0
5220,http_400,NA,NA,0
5221,http_400,NA,NA,0
5222,http_400,NA,NA,0
5223,http_400,NA,NA,0
5224,http_400,NA,NA,0
5225,http_400,NA,NA,0
5226,http_400,NA,NA,0
5227,http_400,NA,NA,0
5228,http_400,NA,NA,0
5229,http_400,NA,NA,0
5230,http_400,NA,NA,0
5231,http_400,NA,NA,0
5232,http_400,NA,NA,0
5233,http_400,NA,NA,0
5234,http_400,NA,NA,0
5235,http_400,NA,NA,0
5236,http_400,NA,NA,0
5237,http_400,NA,NA,0
5238,http_400,NA,NA,0
5239,http_400,NA,NA,0
5240,http_400,NA,NA,0
5241,http_400,NA,NA,0
5242,http_400,NA,NA,0
5243,http_400,NA,NA,0
5244,http_400,NA,NA,0
5245,http_400,NA,NA,0
5246,http_400,NA,NA,0
5247,http_400,NA,NA,0
5248,http_400,NA,NA,0
5249,http_400,NA,NA,0
5250,http_400,NA,NA,0
5251,http_400,NA,NA,0
5252,http_400,NA,NA,0
5253,http_400,NA,NA,0
5254,http_400,NA,NA,0
5255,http_400,NA,NA,0
5256,http_400,NA,NA,0
5257,http_400,NA,NA,0
5258,http_400,NA,NA,0
5259,http_400,NA,NA,0
5260,http_400,NA,NA,0
5261,http_400,NA,NA,0
5262,http_400,NA,NA,0
5263,http_400,NA,NA,0
5264,http_400,NA,NA,0
5265,http_400,NA,NA,0
5266,http_400,NA,NA,0
5267,http_400,NA,NA,0
5268,http_400,NA,NA,0
5269,http_400,NA,NA,0
5270,http_400,NA,NA,0
5271,http_400,NA,NA,0
5272,http_400,NA,NA,0
5273,http_400,NA,NA,0
5274,http_400,NA,NA,0
5275,http_400,NA,NA,0
5276,http_400,NA,NA,0
5277,http_400,NA,NA,0
5278,http_400,NA,NA,0
5279,http_400,NA,NA,0
5280,http_400,NA,NA,0
5281,http_400,NA,NA,0
5282,http_400,NA,NA,0
5283,http_400,NA,NA,0
5284,http_400,NA,NA,0
5285,http_400,NA,NA,0
5286,http_400,NA,NA,0
5287,http_400,NA,NA,0
5288,http_400,NA,NA,0
5289,http_400,NA,NA,0
5290,http_400,NA,NA,0
5291,http_400,NA,NA,0
5292,http_400,NA,NA,0
5293,http_400,NA,NA,0
5294,http_400,NA,NA,0
5295,network_error,NA,NA,0
5296,network_error,NA,NA,0
5297,network_error,NA,NA,0
5298,network_error,NA,NA,0
5299,http_400,NA,NA,0
5300,http_400,NA,NA,0
5301,http_400,NA,NA,0
5302,http_400,NA,NA,0
5303,http_400,NA,NA,0
5304,http_400,NA,NA,0
5305,http_400,NA,NA,0
5306,http_400,NA,NA,0
5307,http_400,NA,NA,0
5308,http_400,NA,NA,0
5309,http_400,NA,NA,0
5310,http_400,NA,NA,0
5311,http_400,NA,NA,0
5312,http_400,NA,NA,0
5313,http_400,NA,NA,0
5314,http_400,NA,NA,0
5315,http_400,NA,NA,0
5316,http_400,NA,NA,0
5317,http_400,NA,NA,0
5318,http_400,NA,NA,0
5319,http_400,NA,NA,0
5320,http_400,NA,NA,0
5321,http_400,NA,NA,0
5322,http_400,NA,NA,0
5323,http_400,NA,NA,0
5324,http_400,NA,NA,0
5325,http_400,NA,NA,0
5326,http_400,NA,NA,0
5327,http_400,NA,NA,0
5328,http_400,NA,NA,0
5329,http_400,NA,NA,0
5330,http_400,NA,NA,0
5331,http_400,NA,NA,0
5332,http_400,NA,NA,0
5333,http_400,NA,NA,0
5334,http_400,NA,NA,0
5335,http_400,NA,NA,0
5336,http_400,NA,NA,0
5337,http_400,NA,NA,0
5338,http_400,NA,NA,0
5339,http_400,NA,NA,0
5340,http_400,NA,NA,0
5341,http_400,NA,NA,0
5342,http_400,NA,NA,0
5343,http_400,NA,NA,0
5344,http_400,NA,NA,0
5345,http_400,NA,NA,0
5346,http_400,NA,NA,0
5347,http_400,NA,NA,0
5348,http_400,NA,NA,0
5349,http_400,NA,NA,0
5350,http_400,NA,NA,0
5351,http_400,NA,NA,0
5352,http_400,NA,NA,0
5353,http_400,NA,NA,0
5354,http_400,NA,NA,0
5355,http_400,NA,NA,0
5356,http_400,NA,NA,0
5357,http_400,NA,NA,0
5358,http_400,NA,NA,0
5359,http_400,NA,NA,0
5360,http_400,NA,NA,0
5361,http_400,NA,NA,0
5362,http_400,NA,NA,0
5363,http_400,NA,NA,0
5364,http_400,NA,NA,0
5365,http_400,NA,NA,0
5366,http_400,NA,NA,0
5367,http_400,NA,NA,0
5368,http_400,NA,NA,0
5369,http_400,NA,NA,0
5370,http_400,NA,NA,0
5371,http_400,NA,NA,0
5372,http_400,NA,NA,0
5373,http_400,NA,NA,0
5374,http_400,NA,NA,0
5375,http_400,NA,NA,0
5376,http_400,NA,NA,0
5377,http_400,NA,NA,0
5378,http_400,NA,NA,0
5379,http_400,NA,NA,0
5380,http_400,NA,NA,0
5381,http_400,NA,NA,0
5382,http_400,NA,NA,0
5383,http_400,NA,NA,0
5384,http_400,NA,NA,0
5385,http_400,NA,NA,0
5386,http_400,NA,NA,0
5387,http_400,NA,NA,0
5388,http_400,NA,NA,0
5389,http_400,NA,NA,0
5390,http_400,NA,NA,0
5391,http_400,NA,NA,0
5392,http_400,NA,NA,0
5393,http_400,NA,NA,0
5394,http_400,NA,NA,0
5395,http_400,NA,NA,0
5396,http_400,NA,NA,0
5397,http_400,NA,NA,0
5398,http_400,NA,NA,0
5399,http_400,NA,NA,0
5400,http_400,NA,NA,0
5401,http_400,NA,NA,0
5402,http_400,NA,NA,0
5403,http_400,NA,NA,0
5404,http_400,NA,NA,0
5405,http_400,NA,NA,0
5406,http_400,NA,NA,0
5407,http_400,NA,NA,0
5408,http_400,NA,NA,0
5409,http_400,NA,NA,0
5410,http_400,NA,NA,0
5411,http_400,NA,NA,0
5412,http_400,NA,NA,0
5413,http_400,NA,NA,0
5414,http_400,NA,NA,0
5415,http_400,NA,NA,0
5416,http_400,NA,NA,0
5417,http_400,NA,NA,0
5418,http_400,NA,NA,0
5419,http_400,NA,NA,0
5420,http_400,NA,NA,0
5421,http_400,NA,NA,0
5422,http_400,NA,NA,0
5423,http_400,NA,NA,0
5424,http_400,NA,NA,0
5425,http_400,NA,NA,0
5426,http_400,NA,NA,0
5427,http_400,NA,NA,0
5428,http_400,NA,NA,0
5429,http_400,NA,NA,0
5430,http_400,NA,NA,0
5431,http_400,NA,NA,0
5432,http_400,NA,NA,0
5433,http_400,NA,NA,0
5434,http_400,NA,NA,0
5435,http_400,NA,NA,0
5436,http_400,NA,NA,0
5437,http_400,NA,NA,0
5438,http_400,NA,NA,0
5439,http_400,NA,NA,0
5440,http_400,NA,NA,0
5441,http_400,NA,NA,0
5442,http_400,NA,NA,0
5443,http_400,NA,NA,0
5444,http_400,NA,NA,0
5445,http_400,NA,NA,0
5446,http_400,NA,NA,0
5447,http_400,NA,NA,0
5448,http_400,NA,NA,0
5449,http_400,NA,NA,0
5450,http_400,NA,NA,0
5451,http_400,NA,NA,0
5452,http_400,NA,NA,0
5453,http_400,NA,NA,0
5454,http_400,NA,NA,0
5455,http_400,NA,NA,0
5456,http_400,NA,NA,0
5457,http_400,NA,NA,0
5458,http_400,NA,NA,0
5459,http_400,NA,NA,0
5460,http_400,NA,NA,0
5461,http_400,NA,NA,0
5462,http_400,NA,NA,0
5463,http_400,NA,NA,0
5464,http_400,NA,NA,0
5465,http_400,NA,NA,0
5466,http_400,NA,NA,0
5467,http_400,NA,NA,0
5468,http_400,NA,NA,0
5469,http_400,NA,NA,0
5470,http_400,NA,NA,0
5471,http_400,NA,NA,0
5472,http_400,NA,NA,0
5473,http_400,NA,NA,0
5474,http_400,NA,NA,0
5475,http_400,NA,NA,0
5476,http_400,NA,NA,0
5477,http_400,NA,NA,0
5478,http_400,NA,NA,0
5479,http_400,NA,NA,0
5480,http_400,NA,NA,0
5481,http_400,NA,NA,0
5482,http_400,NA,NA,0
5483,http_400,NA,NA,0
5484,http_400,NA,NA,0
5485,http_400,NA,NA,0
5486,http_400,NA,NA,0
5487,http_400,NA,NA,0
5488,http_400,NA,NA,0
5489,http_400,NA,NA,0
5490,http_400,NA,NA,0
5491,http_400,NA,NA,0
5492,http_400,NA,NA,0
5493,http_400,NA,NA,0
5494,http_400,NA,NA,0
5495,http_400,NA,NA,0
5496,http_400,NA,NA,0
5497,http_400,NA,NA,0
5498,http_400,NA,NA,0
5499,http_400,NA,NA,0
5500,http_400,NA,NA,0
5501,http_400,NA,NA,0
5502,http_400,NA,NA,0
5503,http_400,NA,NA,0
5504,http_400,NA,NA,0
5505,http_400,NA,NA,0
5506,http_400,NA,NA,0
5507,http_400,NA,NA,0
5508,http_400,NA,NA,0
5509,http_400,NA,NA,0
5510,http_400,NA,NA,0
5511,http_400,NA,NA,0
5512,http_400,NA,NA,0
5513,http_400,NA,NA,0
5514,http_400,NA,NA,0
5515,http_400,NA,NA,0
5516,http_400,NA,NA,0
5517,http_400,NA,NA,0
5518,http_400,NA,NA,0
5519,http_400,NA,NA,0
5520,http_400,NA,NA,0
5521,http_400,NA,NA,0
5522,http_400,NA,NA,0
5523,http_400,NA,NA,0
5524,http_400,NA,NA,0
5525,http_400,NA,NA,0
5526,http_400,NA,NA,0
5527,http_400,NA,NA,0
5528,http_400,NA,NA,0
5529,http_400,NA,NA,0
5530,http_400,NA,NA,0
5531,http_400,NA,NA,0
5532,http_400,NA,NA,0
5533,http_400,NA,NA,0
5534,http_400,NA,NA,0
5535,http_400,NA,NA,0
5536,http_400,NA,NA,0
5537,http_400,NA,NA,0
5538,http_400,NA,NA,0
5539,http_400,NA,NA,0
5540,http_400,NA,NA,0
5541,http_400,NA,NA,0
5542,http_400,NA,NA,0
5543,http_400,NA,NA,0
5544,http_400,NA,NA,0
5545,http_400,NA,NA,0
5546,http_400,NA,NA,0
5547,http_400,NA,NA,0
5548,http_400,NA,NA,0
5549,http_400,NA,NA,0
5550,http_400,NA,NA,0
5551,http_400,NA,NA,0
5552,http_400,NA,NA,0
5553,http_400,NA,NA,0
5554,http_400,NA,NA,0
5555,http_400,NA,NA,0
5556,http_400,NA,NA,0
5557,http_400,NA,NA,0
5558,http_400,NA,NA,0
5559,http_400,NA,NA,0
5560,http_400,NA,NA,0
5561,http_400,NA,NA,0
5562,http_400,NA,NA,0
5563,http_400,NA,NA,0
5564,http_400,NA,NA,0
5565,http_400,NA,NA,0
5566,http_400,NA,NA,0
5567,http_400,NA,NA,0
5568,http_400,NA,NA,0
5569,http_400,NA,NA,0
5570,http_400,NA,NA,0
5571,http_400,NA,NA,0
5572,http_400,NA,NA,0
5573,http_400,NA,NA,0
5574,http_400,NA,NA,0
5575,http_400,NA,NA,0
5576,http_400,NA,NA,0
5577,http_400,NA,NA,0
5578,http_400,NA,NA,0
5579,http_400,NA,NA,0
5580,http_400,NA,NA,0
5581,http_400,NA,NA,0
5582,http_400,NA,NA,0
5583,http_400,NA,NA,0
5584,http_400,NA,NA,0
5585,http_400,NA,NA,0
5586,http_400,NA,NA,0
5587,http_400,NA,NA,0
5588,http_400,NA,NA,0
5589,http_400,NA,NA,0
5590,http_400,NA,NA,0
5591,http_400,NA,NA,0
5592,http_400,NA,NA,0
5593,http_400,NA,NA,0
5594,http_400,NA,NA,0
5595,http_400,NA,NA,0
5596,http_400,NA,NA,0
5597,http_400,NA,NA,0
5598,http_400,NA,NA,0
5599,http_400,NA,NA,0
5600,http_400,NA,NA,0
10000,http_400,NA,NA,0
10001,http_400,NA,NA,0
10002,http_400,NA,NA,0
10003,http_400,NA,NA,0
10004,http_400,NA,NA,0
10005,http_400,NA,NA,0
10006,http_400,NA,NA,0
10007,http_400,NA,NA,0
10008,http_400,NA,NA,0
10009,http_400,NA,NA,0
10010,http_400,NA,NA,0
10011,http_400,NA,NA,0
10012,http_400,NA,NA,0
10013,http_400,NA,NA,0
10014,http_400,NA,NA,0
10015,http_400,NA,NA,0
10016,http_400,NA,NA,0
10017,http_400,NA,NA,0
10018,http_400,NA,NA,0
10019,http_400,NA,NA,0
10020,http_400,NA,NA,0
10021,http_400,NA,NA,0
10022,http_400,NA,NA,0
10023,http_400,NA,NA,0
10024,http_400,NA,NA,0
10025,http_400,NA,NA,0
10026,http_400,NA,NA,0
10027,http_400,NA,NA,0
10028,http_400,NA,NA,0
10029,http_400,NA,NA,0
10030,http_400,NA,NA,0
10031,http_400,NA,NA,0
10032,http_400,NA,NA,0
10033,http_400,NA,NA,0
10034,http_400,NA,NA,0
10035,http_400,NA,NA,0
10036,http_400,NA,NA,0
10037,http_400,NA,NA,0
10038,http_400,NA,NA,0
10039,http_400,NA,NA,0
10040,http_400,NA,NA,0
10041,http_400,NA,NA,0
10042,http_400,NA,NA,0
10043,http_400,NA,NA,0
10044,http_400,NA,NA,0
10045,http_400,NA,NA,0
10046,http_400,NA,NA,0
10047,http_400,NA,NA,0
10048,http_400,NA,NA,0
10049,http_400,NA,NA,0
10050,http_400,NA,NA,0
10051,http_400,NA,NA,0
10052,http_400,NA,NA,0
10053,http_400,NA,NA,0
10054,http_400,NA,NA,0
10055,http_400,NA,NA,0
10056,http_400,NA,NA,0
10057,http_400,NA,NA,0
10058,http_400,NA,NA,0
10059,http_400,NA,NA,0
10060,http_400,NA,NA,0
10061,http_400,NA,NA,0
10062,http_400,NA,NA,0
10063,http_400,NA,NA,0
10064,http_400,NA,NA,0
10065,http_400,NA,NA,0
10066,http_400,NA,NA,0
10067,http_400,NA,NA,0
10068,http_400,NA,NA,0
10069,http_400,NA,NA,0
10070,http_400,NA,NA,0
10071,http_400,NA,NA,0
10072,http_400,NA,NA,0
10073,http_400,NA,NA,0
10074,http_400,NA,NA,0
10075,http_400,NA,NA,0
10076,http_400,NA,NA,0
10077,http_400,NA,NA,0
10078,http_400,NA,NA,0
10079,http_400,NA,NA,0
10080,http_400,NA,NA,0
10081,http_400,NA,NA,0
10082,http_400,NA,NA,0
10083,http_400,NA,NA,0
10084,http_400,NA,NA,0
10085,http_400,NA,NA,0
10086,http_400,NA,NA,0
10087,http_400,NA,NA,0
10088,http_400,NA,NA,0
10089,http_400,NA,NA,0
10090,http_400,NA,NA,0
10091,http_400,NA,NA,0
10092,http_400,NA,NA,0
10093,http_400,NA,NA,0
10094,http_400,NA,NA,0
10095,http_400,NA,NA,0
10096,http_400,NA,NA,0
10097,http_400,NA,NA,0
10098,http_400,NA,NA,0
10099,http_400,NA,NA,0
10100,http_400,NA,NA,0
10101,http_400,NA,NA,0
10102,http_400,NA,NA,0
10103,http_400,NA,NA,0
10104,http_400,NA,NA,0
10105,http_400,NA,NA,0
10106,http_400,NA,NA,0
10107,http_400,NA,NA,0
10108,http_400,NA,NA,0
10109,http_400,NA,NA,0
10110,http_400,NA,NA,0
10111,http_400,NA,NA,0
10112,http_400,NA,NA,0
10113,http_400,NA,NA,0
10114,http_400,NA,NA,0
10115,http_400,NA,NA,0
10116,http_400,NA,NA,0
10117,http_400,NA,NA,0
10118,http_400,NA,NA,0
10119,http_400,NA,NA,0
10120,http_400,NA,NA,0
10121,http_400,NA,NA,0
10122,http_400,NA,NA,0
10123,http_400,NA,NA,0
10124,http_400,NA,NA,0
10125,http_400,NA,NA,0
10126,http_400,NA,NA,0
10127,http_400,NA,NA,0
10128,http_400,NA,NA,0
10129,http_400,NA,NA,0
10130,http_400,NA,NA,0
10131,http_400,NA,NA,0
10132,http_400,NA,NA,0
10133,http_400,NA,NA,0
10134,http_400,NA,NA,0
10135,http_400,NA,NA,0
10136,http_400,NA,NA,0
10137,http_400,NA,NA,0
10138,http_400,NA,NA,0
10139,http_400,NA,NA,0
10140,http_400,NA,NA,0
10141,http_400,NA,NA,0
10142,http_400,NA,NA,0
10143,http_400,NA,NA,0
10144,http_400,NA,NA,0
10145,http_400,NA,NA,0
10146,http_400,NA,NA,0
10147,http_400,NA,NA,0
10148,http_400,NA,NA,0
10149,http_400,NA,NA,0
10150,http_400,NA,NA,0
10151,http_400,NA,NA,0
10152,http_400,NA,NA,0
10153,http_400,NA,NA,0
10154,http_400,NA,NA,0
10155,http_400,NA,NA,0
10156,http_400,NA,NA,0
10157,http_400,NA,NA,0
10158,http_400,NA,NA,0
10159,http_400,NA,NA,0
10160,http_400,NA,NA,0
10161,http_400,NA,NA,0
10162,http_400,NA,NA,0
10163,http_400,NA,NA,0
10164,http_400,NA,NA,0
10165,http_400,NA,NA,0
10166,http_400,NA,NA,0
10167,http_400,NA,NA,0
10168,http_400,NA,NA,0
10169,http_400,NA,NA,0
10170,http_400,NA,NA,0
10171,http_400,NA,NA,0
10172,http_400,NA,NA,0
10173,http_400,NA,NA,0
10174,http_400,NA,NA,0
10175,http_400,NA,NA,0
10176,http_400,NA,NA,0
10177,http_400,NA,NA,0
10178,http_400,NA,NA,0
10179,http_400,NA,NA,0
10180,http_400,NA,NA,0
10181,http_400,NA,NA,0
10182,http_400,NA,NA,0
10183,http_400,NA,NA,0
10184,http_400,NA,NA,0
10185,http_400,NA,NA,0
10186,http_400,NA,NA,0
10187,http_400,NA,NA,0
10188,http_400,NA,NA,0
10189,http_400,NA,NA,0
10190,http_400,NA,NA,0
10191,http_400,NA,NA,0
10192,http_400,NA,NA,0
10193,http_400,NA,NA,0
10194,http_400,NA,NA,0
10195,http_400,NA,NA,0
10196,http_400,NA,NA,0
10197,http_400,NA,NA,0
10198,http_400,NA,NA,0
10199,http_400,NA,NA,0
10200,http_400,NA,NA,0
10201,http_400,NA,NA,0
10202,http_400,NA,NA,0
10203,http_400,NA,NA,0
10204,http_400,NA,NA,0
10205,http_400,NA,NA,0
10206,http_400,NA,NA,0
10207,http_400,NA,NA,0
10208,http_400,NA,NA,0
10209,http_400,NA,NA,0
10210,http_400,NA,NA,0
10211,http_400,NA,NA,0
10212,http_400,NA,NA,0
10213,http_400,NA,NA,0
10214,http_400,NA,NA,0
10215,http_400,NA,NA,0
10216,http_400,NA,NA,0
10217,http_400,NA,NA,0
10218,http_400,NA,NA,0
10219,http_400,NA,NA,0
10220,http_400,NA,NA,0
10221,http_400,NA,NA,0
10222,http_400,NA,NA,0
10223,http_400,NA,NA,0
10224,http_400,NA,NA,0
10225,http_400,NA,NA,0
10226,http_400,NA,NA,0
10227,http_400,NA,NA,0
10228,http_400,NA,NA,0
10229,http_400,NA,NA,0
10230,http_400,NA,NA,0
10231,http_400,NA,NA,0
10232,http_400,NA,NA,0
10233,http_400,NA,NA,0
10234,http_400,NA,NA,0
10235,http_400,NA,NA,0
10236,http_400,NA,NA,0
10237,http_400,NA,NA,0
10238,http_400,NA,NA,0
10239,http_400,NA,NA,0
10240,http_400,NA,NA,0
10241,http_400,NA,NA,0
10242,http_400,NA,NA,0
10243,http_400,NA,NA,0
10244,http_400,NA,NA,0
10245,http_400,NA,NA,0
10246,http_400,NA,NA,0
10247,http_400,NA,NA,0
10248,http_400,NA,NA,0
10249,http_400,NA,NA,0
10250,http_400,NA,NA,0
10251,http_400,NA,NA,0
10252,http_400,NA,NA,0
10253,http_400,NA,NA,0
10254,http_400,NA,NA,0
10255,http_400,NA,NA,0
10256,http_400,NA,NA,0
10257,http_400,NA,NA,0
10258,http_400,NA,NA,0
10259,http_400,NA,NA,0
10260,http_400,NA,NA,0
10261,http_400,NA,NA,0
10262,http_400,NA,NA,0
10263,http_400,NA,NA,0
10264,http_400,NA,NA,0
10265,http_400,NA,NA,0
10266,http_400,NA,NA,0
10267,http_400,NA,NA,0
10268,http_400,NA,NA,0
10269,http_400,NA,NA,0
10270,http_400,NA,NA,0
10271,http_400,NA,NA,0
10272,http_400,NA,NA,0
10273,http_400,NA,NA,0
10274,http_400,NA,NA,0
10275,http_400,NA,NA,0
10276,http_400,NA,NA,0
10277,http_400,NA,NA,0
10278,http_400,NA,NA,0
10279,http_400,NA,NA,0
10280,http_400,NA,NA,0
10281,http_400,NA,NA,0
10282,http_400,NA,NA,0
10283,http_400,NA,NA,0
10284,http_400,NA,NA,0
10285,http_400,NA,NA,0
10286,http_400,NA,NA,0
10287,http_400,NA,NA,0
10288,http_400,NA,NA,0
10289,http_400,NA,NA,0
10290,http_400,NA,NA,0
10291,http_400,NA,NA,0
10292,http_400,NA,NA,0
10293,http_400,NA,NA,0
10294,http_400,NA,NA,0
10295,http_400,NA,NA,0
10296,http_400,NA,NA,0
10297,http_400,NA,NA,0
10298,http_400,NA,NA,0
10299,http_400,NA,NA,0
10300,http_400,NA,NA,0
10301,http_400,NA,NA,0
10302,http_400,NA,NA,0
10303,http_400,NA,NA,0
10304,http_400,NA,NA,0
10305,http_400,NA,NA,0
10306,http_400,NA,NA,0
10307,http_400,NA,NA,0
10308,http_400,NA,NA,0
10309,http_400,NA,NA,0
10310,http_400,NA,NA,0
10311,http_400,NA,NA,0
10312,http_400,NA,NA,0
10313,http_400,NA,NA,0
10314,http_400,NA,NA,0
10315,http_400,NA,NA,0
10316,http_400,NA,NA,0
10317,http_400,NA,NA,0
10318,http_400,NA,NA,0
10319,http_400,NA,NA,0
10320,http_400,NA,NA,0
10321,http_400,NA,NA,0
10322,http_400,NA,NA,0
10323,http_400,NA,NA,0
10324,http_400,NA,NA,0
10325,http_400,NA,NA,0
10326,http_400,NA,NA,0
10327,http_400,NA,NA,0
10328,http_400,NA,NA,0
10329,http_400,NA,NA,0
10330,http_400,NA,NA,0
10331,http_400,NA,NA,0
10332,http_400,NA,NA,0
10333,http_400,NA,NA,0
10334,http_400,NA,NA,0
10335,http_400,NA,NA,0
10336,http_400,NA,NA,0
10337,http_400,NA,NA,0
10338,http_400,NA,NA,0
10339,http_400,NA,NA,0
10340,http_400,NA,NA,0
10341,http_400,NA,NA,0
10342,http_400,NA,NA,0
10343,http_400,NA,NA,0
10344,http_400,NA,NA,0
10345,http_400,NA,NA,0
10346,http_400,NA,NA,0
10347,http_400,NA,NA,0
10348,http_400,NA,NA,0
10349,http_400,NA,NA,0
10350,http_400,NA,NA,0
10351,http_400,NA,NA,0
10352,http_400,NA,NA,0
10353,http_400,NA,NA,0
10354,http_400,NA,NA,0
10355,http_400,NA,NA,0
10356,http_400,NA,NA,0
10357,http_400,NA,NA,0
10358,http_400,NA,NA,0
10359,http_400,NA,NA,0
10360,http_400,NA,NA,0
10361,http_400,NA,NA,0
10362,http_400,NA,NA,0
10363,http_400,NA,NA,0
10364,http_400,NA,NA,0
10365,http_400,NA,NA,0
10366,http_400,NA,NA,0
10367,http_400,NA,NA,0
10368,http_400,NA,NA,0
10369,http_400,NA,NA,0
10370,http_400,NA,NA,0
10371,http_400,NA,NA,0
10372,http_400,NA,NA,0
10373,http_400,NA,NA,0
10374,http_400,NA,NA,0
10375,http_400,NA,NA,0
10376,http_400,NA,NA,0
10377,http_400,NA,NA,0
10378,http_400,NA,NA,0
10379,http_400,NA,NA,0
10380,http_400,NA,NA,0
10381,http_400,NA,NA,0
10382,http_400,NA,NA,0
10383,http_400,NA,NA,0
10384,http_400,NA,NA,0
10385,http_400,NA,NA,0
10386,http_400,NA,NA,0
10387,http_400,NA,NA,0
10388,http_400,NA,NA,0
10389,http_400,NA,NA,0
10390,http_400,NA,NA,0
10391,http_400,NA,NA,0
10392,http_400,NA,NA,0
10393,http_400,NA,NA,0
10394,http_400,NA,NA,0
10395,http_400,NA,NA,0
10396,http_400,NA,NA,0
10397,http_400,NA,NA,0
10398,http_400,NA,NA,0
10399,http_400,NA,NA,0
10400,http_400,NA,NA,0
10401,http_400,NA,NA,0
10402,http_400,NA,NA,0
10403,http_400,NA,NA,0
10404,http_400,NA,NA,0
10405,http_400,NA,NA,0
10406,http_400,NA,NA,0
10407,http_400,NA,NA,0
10408,http_400,NA,NA,0
10409,http_400,NA,NA,0
10410,http_400,NA,NA,0
10411,http_400,NA,NA,0
10412,http_400,NA,NA,0
10413,http_400,NA,NA,0
10414,http_400,NA,NA,0
10415,http_400,NA,NA,0
10416,http_400,NA,NA,0
10417,http_400,NA,NA,0
10418,http_400,NA,NA,0
10419,http_400,NA,NA,0
10420,http_400,NA,NA,0
10421,http_400,NA,NA,0
10422,http_400,NA,NA,0
10423,http_400,NA,NA,0
10424,http_400,NA,NA,0
10425,http_400,NA,NA,0
10426,http_400,NA,NA,0
10427,http_400,NA,NA,0
10428,http_400,NA,NA,0
10429,http_400,NA,NA,0
10430,http_400,NA,NA,0
10431,http_400,NA,NA,0
10432,http_400,NA,NA,0
10433,http_400,NA,NA,0
10434,http_400,NA,NA,0
10435,http_400,NA,NA,0
10436,http_400,NA,NA,0
10437,http_400,NA,NA,0
10438,http_400,NA,NA,0
10439,http_400,NA,NA,0
10440,http_400,NA,NA,0
10441,http_400,NA,NA,0
10442,http_400,NA,NA,0
10443,http_400,NA,NA,0
10444,http_400,NA,NA,0
10445,http_400,NA,NA,0
10446,http_400,NA,NA,0
10447,http_400,NA,NA,0
10448,http_400,NA,NA,0
10449,http_400,NA,NA,0
10450,http_400,NA,NA,0
10451,http_400,NA,NA,0
10452,http_400,NA,NA,0
10453,http_400,NA,NA,0
10454,http_400,NA,NA,0
10455,http_400,NA,NA,0
10456,http_400,NA,NA,0
10457,http_400,NA,NA,0
10458,http_400,NA,NA,0
10459,http_400,NA,NA,0
10460,http_400,NA,NA,0
10461,http_400,NA,NA,0
10462,http_400,NA,NA,0
10463,http_400,NA,NA,0
10464,http_400,NA,NA,0
10465,http_400,NA,NA,0
10466,http_400,NA,NA,0
10467,http_400,NA,NA,0
10468,http_400,NA,NA,0
10469,http_400,NA,NA,0
10470,http_400,NA,NA,0
10471,http_400,NA,NA,0
10472,http_400,NA,NA,0
10473,http_400,NA,NA,0
10474,http_400,NA,NA,0
10475,http_400,NA,NA,0
10476,http_400,NA,NA,0
10477,http_400,NA,NA,0
10478,http_400,NA,NA,0
10479,http_400,NA,NA,0
10480,http_400,NA,NA,0
10481,http_400,NA,NA,0
10482,http_400,NA,NA,0
10483,http_400,NA,NA,0
10484,http_400,NA,NA,0
10485,http_400,NA,NA,0
10486,http_400,NA,NA,0
10487,http_400,NA,NA,0
10488,http_400,NA,NA,0
10489,http_400,NA,NA,0
10490,http_400,NA,NA,0
10491,http_400,NA,NA,0
10492,http_400,NA,NA,0
10493,http_400,NA,NA,0
10494,http_400,NA,NA,0
10495,http_400,NA,NA,0
10496,http_400,NA,NA,0
10497,http_400,NA,NA,0
10498,http_400,NA,NA,0
10499,http_400,NA,NA,0
10500,http_400,NA,NA,0
10501,http_400,NA,NA,0
10502,http_400,NA,NA,0
10503,http_400,NA,NA,0
10504,http_400,NA,NA,0
10505,http_400,NA,NA,0
10506,http_400,NA,NA,0
10507,http_400,NA,NA,0
10508,http_400,NA,NA,0
10509,http_400,NA,NA,0
10510,http_400,NA,NA,0
10511,http_400,NA,NA,0
10512,http_400,NA,NA,0
10513,http_400,NA,NA,0
10514,http_400,NA,NA,0
10515,http_400,NA,NA,0
10516,http_400,NA,NA,0
10517,http_400,NA,NA,0
10518,http_400,NA,NA,0
10519,http_400,NA,NA,0
10520,http_400,NA,NA,0
10521,http_400,NA,NA,0
10522,http_400,NA,NA,0
10523,http_400,NA,NA,0
10524,http_400,NA,NA,0
10525,http_400,NA,NA,0
10526,http_400,NA,NA,0
10527,http_400,NA,NA,0
10528,http_400,NA,NA,0
10529,http_400,NA,NA,0
10530,http_400,NA,NA,0
10531,http_400,NA,NA,0
10532,http_400,NA,NA,0
10533,http_400,NA,NA,0
10534,http_400,NA,NA,0
10535,http_400,NA,NA,0
10536,http_400,NA,NA,0
10537,http_400,NA,NA,0
10538,http_400,NA,NA,0
10539,http_400,NA,NA,0
10540,http_400,NA,NA,0
10541,http_400,NA,NA,0
10542,http_400,NA,NA,0
10543,http_400,NA,NA,0
10544,http_400,NA,NA,0
10545,http_400,NA,NA,0
10546,http_400,NA,NA,0
10547,http_400,NA,NA,0
10548,http_400,NA,NA,0
10549,http_400,NA,NA,0
10550,http_400,NA,NA,0
10551,http_400,NA,NA,0
10552,http_400,NA,NA,0
10553,http_400,NA,NA,0
10554,http_400,NA,NA,0
10555,http_400,NA,NA,0
10556,http_400,NA,NA,0
10557,http_400,NA,NA,0
10558,http_400,NA,NA,0
10559,http_400,NA,NA,0
10560,http_400,NA,NA,0
10561,http_400,NA,NA,0
10562,http_400,NA,NA,0
10563,http_400,NA,NA,0
10564,http_400,NA,NA,0
10565,http_400,NA,NA,0
10566,http_400,NA,NA,0
10567,http_400,NA,NA,0
10568,http_400,NA,NA,0
10569,http_400,NA,NA,0
10570,http_400,NA,NA,0
10571,http_400,NA,NA,0
10572,http_400,NA,NA,0
10573,http_400,NA,NA,0
10574,http_400,NA,NA,0
10575,http_400,NA,NA,0
10576,http_400,NA,NA,0
10577,http_400,NA,NA,0
10578,http_400,NA,NA,0
10579,http_400,NA,NA,0
10580,http_400,NA,NA,0
10581,http_400,NA,NA,0
10582,http_400,NA,NA,0
10583,http_400,NA,NA,0
10584,http_400,NA,NA,0
10585,http_400,NA,NA,0
10586,http_400,NA,NA,0
10587,http_400,NA,NA,0
10588,http_400,NA,NA,0
10589,http_400,NA,NA,0
10590,http_400,NA,NA,0
10591,http_400,NA,NA,0
10592,http_400,NA,NA,0
10593,http_400,NA,NA,0
10594,http_400,NA,NA,0
10595,http_400,NA,NA,0
10596,http_400,NA,NA,0
10597,http_400,NA,NA,0
10598,http_400,NA,NA,0
10599,http_400,NA,NA,0
10600,http_400,NA,NA,0
10601,http_400,NA,NA,0
10602,http_400,NA,NA,0
10603,http_400,NA,NA,0
10604,http_400,NA,NA,0
10605,http_400,NA,NA,0
10606,http_400,NA,NA,0
10607,http_400,NA,NA,0
10608,http_400,NA,NA,0
10609,http_400,NA,NA,0
10610,http_400,NA,NA,0
10611,http_400,NA,NA,0
10612,http_400,NA,NA,0
10613,http_400,NA,NA,0
10614,http_400,NA,NA,0
10615,http_400,NA,NA,0
10616,http_400,NA,NA,0
10617,http_400,NA,NA,0
10618,http_400,NA,NA,0
10619,http_400,NA,NA,0
10620,http_400,NA,NA,0
10621,http_400,NA,NA,0
10622,http_400,NA,NA,0
10623,http_400,NA,NA,0
10624,http_400,NA,NA,0
10625,http_400,NA,NA,0
10626,http_400,NA,NA,0
10627,http_400,NA,NA,0
10628,http_400,NA,NA,0
10629,http_400,NA,NA,0
10630,http_400,NA,NA,0
10631,http_400,NA,NA,0
10632,http_400,NA,NA,0
10633,http_400,NA,NA,0
10634,http_400,NA,NA,0
10635,http_400,NA,NA,0
10636,http_400,NA,NA,0
10637,http_400,NA,NA,0
10638,http_400,NA,NA,0
10639,http_400,NA,NA,0
10640,http_400,NA,NA,0
10641,http_400,NA,NA,0
10642,http_400,NA,NA,0
10643,http_400,NA,NA,0
10644,http_400,NA,NA,0
10645,http_400,NA,NA,0
10646,http_400,NA,NA,0
10647,http_400,NA,NA,0
10648,http_400,NA,NA,0
10649,http_400,NA,NA,0
10650,http_400,NA,NA,0
10651,http_400,NA,NA,0
10652,http_400,NA,NA,0
10653,http_400,NA,NA,0
10654,http_400,NA,NA,0
10655,http_400,NA,NA,0
10656,http_400,NA,NA,0
10657,http_400,NA,NA,0
10658,http_400,NA,NA,0
10659,http_400,NA,NA,0
10660,http_400,NA,NA,0
10661,http_400,NA,NA,0
10662,http_400,NA,NA,0
10663,http_400,NA,NA,0
10664,http_400,NA,NA,0
10665,http_400,NA,NA,0
10666,http_400,NA,NA,0
10667,http_400,NA,NA,0
10668,http_400,NA,NA,0
10669,http_400,NA,NA,0
10670,http_400,NA,NA,0
10671,http_400,NA,NA,0
10672,http_400,NA,NA,0
10673,http_400,NA,NA,0
10674,http_400,NA,NA,0
10675,http_400,NA,NA,0
10676,http_400,NA,NA,0
10677,http_400,NA,NA,0
10678,http_400,NA,NA,0
10679,http_400,NA,NA,0
10680,http_400,NA,NA,0
10681,http_400,NA,NA,0
10682,http_400,NA,NA,0
10683,http_400,NA,NA,0
10684,http_400,NA,NA,0
10685,http_400,NA,NA,0
10686,http_400,NA,NA,0
10687,http_400,NA,NA,0
10688,http_400,NA,NA,0
10689,http_400,NA,NA,0
10690,http_400,NA,NA,0
10691,http_400,NA,NA,0
10692,http_400,NA,NA,0
10693,http_400,NA,NA,0
10694,http_400,NA,NA,0
10695,http_400,NA,NA,0
10696,http_400,NA,NA,0
10697,http_400,NA,NA,0
10698,http_400,NA,NA,0
10699,http_400,NA,NA,0
10700,http_400,NA,NA,0
10701,http_400,NA,NA,0
10702,http_400,NA,NA,0
10703,http_400,NA,NA,0
10704,http_400,NA,NA,0
10705,http_400,NA,NA,0
10706,http_400,NA,NA,0
10707,http_400,NA,NA,0
10708,http_400,NA,NA,0
10709,http_400,NA,NA,0
10710,http_400,NA,NA,0
10711,http_400,NA,NA,0
10712,http_400,NA,NA,0
10713,http_400,NA,NA,0
10714,http_400,NA,NA,0
10715,http_400,NA,NA,0
10716,http_400,NA,NA,0
10717,http_400,NA,NA,0
10718,http_400,NA,NA,0
10719,http_400,NA,NA,0
10720,http_400,NA,NA,0
10721,http_400,NA,NA,0
10722,http_400,NA,NA,0
10723,http_400,NA,NA,0
10724,http_400,NA,NA,0
10725,http_400,NA,NA,0
10726,http_400,NA,NA,0
10727,http_400,NA,NA,0
10728,http_400,NA,NA,0
10729,http_400,NA,NA,0
10730,http_400,NA,NA,0
10731,http_400,NA,NA,0
10732,http_400,NA,NA,0
10733,http_400,NA,NA,0
10734,http_400,NA,NA,0
10735,http_400,NA,NA,0
10736,http_400,NA,NA,0
10737,http_400,NA,NA,0
10738,http_400,NA,NA,0
10739,http_400,NA,NA,0
10740,http_400,NA,NA,0
10741,http_400,NA,NA,0
10742,http_400,NA,NA,0
10743,http_400,NA,NA,0
10744,http_400,NA,NA,0
10745,http_400,NA,NA,0
10746,http_400,NA,NA,0
10747,http_400,NA,NA,0
10748,http_400,NA,NA,0
10749,http_400,NA,NA,0
10750,http_400,NA,NA,0
10751,http_400,NA,NA,0
10752,http_400,NA,NA,0
10753,http_400,NA,NA,0
10754,http_400,NA,NA,0
10755,http_400,NA,NA,0
10756,http_400,NA,NA,0
10757,http_400,NA,NA,0
10758,http_400,NA,NA,0
10759,http_400,NA,NA,0
10760,http_400,NA,NA,0
10761,http_400,NA,NA,0
10762,http_400,NA,NA,0
10763,http_400,NA,NA,0
10764,http_400,NA,NA,0
10765,http_400,NA,NA,0
10766,http_400,NA,NA,0
10767,http_400,NA,NA,0
10768,http_400,NA,NA,0
10769,http_400,NA,NA,0
10770,http_400,NA,NA,0
10771,http_400,NA,NA,0
10772,http_400,NA,NA,0
10773,http_400,NA,NA,0
10774,http_400,NA,NA,0
10775,http_400,NA,NA,0
10776,http_400,NA,NA,0
10777,http_400,NA,NA,0
10778,http_400,NA,NA,0
10779,http_400,NA,NA,0
10780,http_400,NA,NA,0
10781,http_400,NA,NA,0
10782,http_400,NA,NA,0
10783,http_400,NA,NA,0
10784,http_400,NA,NA,0
10785,http_400,NA,NA,0
10786,http_400,NA,NA,0
10787,http_400,NA,NA,0
10788,http_400,NA,NA,0
10789,http_400,NA,NA,0
10790,http_400,NA,NA,0
10791,http_400,NA,NA,0
10792,http_400,NA,NA,0
10793,http_400,NA,NA,0
10794,http_400,NA,NA,0
10795,http_400,NA,NA,0
10796,http_400,NA,NA,0
10797,http_400,NA,NA,0
10798,http_400,NA,NA,0
10799,http_400,NA,NA,0
10800,http_400,NA,NA,0
10801,http_400,NA,NA,0
10802,http_400,NA,NA,0
10803,http_400,NA,NA,0
10804,http_400,NA,NA,0
10805,http_400,NA,NA,0
10806,http_400,NA,NA,0
10807,http_400,NA,NA,0
10808,http_400,NA,NA,0
10809,http_400,NA,NA,0
10810,http_400,NA,NA,0
10811,http_400,NA,NA,0
10812,http_400,NA,NA,0
10813,http_400,NA,NA,0
10814,http_400,NA,NA,0
10815,http_400,NA,NA,0
10816,http_400,NA,NA,0
10817,http_400,NA,NA,0
10818,http_400,NA,NA,0
10819,http_400,NA,NA,0
10820,http_400,NA,NA,0
10821,http_400,NA,NA,0
10822,http_400,NA,NA,0
10823,http_400,NA,NA,0
10824,http_400,NA,NA,0
10825,http_400,NA,NA,0
10826,http_400,NA,NA,0
10827,http_400,NA,NA,0
10828,http_400,NA,NA,0
10829,http_400,NA,NA,0
10830,http_400,NA,NA,0
10831,http_400,NA,NA,0
10832,http_400,NA,NA,0
10833,http_400,NA,NA,0
10834,http_400,NA,NA,0
10835,http_400,NA,NA,0
10836,http_400,NA,NA,0
10837,http_400,NA,NA,0
10838,http_400,NA,NA,0
10839,http_400,NA,NA,0
10840,http_400,NA,NA,0
10841,http_400,NA,NA,0
10842,http_400,NA,NA,0
10843,http_400,NA,NA,0
10844,http_400,NA,NA,0
10845,http_400,NA,NA,0
10846,http_400,NA,NA,0
10847,http_400,NA,NA,0
10848,http_400,NA,NA,0
10849,http_400,NA,NA,0
10850,http_400,NA,NA,0
10851,http_400,NA,NA,0
10852,http_400,NA,NA,0
10853,http_400,NA,NA,0
10854,http_400,NA,NA,0
10855,http_400,NA,NA,0
10856,http_400,NA,NA,0
10857,http_400,NA,NA,0
10858,http_400,NA,NA,0
10859,http_400,NA,NA,0
10860,http_400,NA,NA,0
10861,http_400,NA,NA,0
10862,http_400,NA,NA,0
10863,http_400,NA,NA,0
10864,http_400,NA,NA,0
10865,http_400,NA,NA,0
10866,http_400,NA,NA,0
10867,http_400,NA,NA,0
10868,http_400,NA,NA,0
10869,http_400,NA,NA,0
10870,http_400,NA,NA,0
10871,http_400,NA,NA,0
10872,http_400,NA,NA,0
10873,http_400,NA,NA,0
10874,http_400,NA,NA,0
10875,http_400,NA,NA,0
10876,http_400,NA,NA,0
10877,http_400,NA,NA,0
10878,http_400,NA,NA,0
10879,http_400,NA,NA,0
10880,http_400,NA,NA,0
10881,http_400,NA,NA,0
10882,http_400,NA,NA,0
10883,http_400,NA,NA,0
10884,http_400,NA,NA,0
10885,http_400,NA,NA,0
10886,http_400,NA,NA,0
10887,http_400,NA,NA,0
10888,http_400,NA,NA,0
10889,http_400,NA,NA,0
10890,http_400,NA,NA,0
10891,http_400,NA,NA,0
10892,http_400,NA,NA,0
10893,http_400,NA,NA,0
10894,http_400,NA,NA,0
10895,http_400,NA,NA,0
10896,http_400,NA,NA,0
10897,http_400,NA,NA,0
10898,http_400,NA,NA,0
10899,http_400,NA,NA,0
10900,http_400,NA,NA,0
10901,http_400,NA,NA,0
10902,http_400,NA,NA,0
10903,http_400,NA,NA,0
10904,http_400,NA,NA,0
10905,http_400,NA,NA,0
10906,http_400,NA,NA,0
10907,http_400,NA,NA,0
10908,http_400,NA,NA,0
10909,http_400,NA,NA,0
10910,http_400,NA,NA,0
10911,http_400,NA,NA,0
10912,http_400,NA,NA,0
10913,http_400,NA,NA,0
10914,http_400,NA,NA,0
10915,http_400,NA,NA,0
10916,http_400,NA,NA,0
10917,http_400,NA,NA,0
10918,http_400,NA,NA,0
10919,http_400,NA,NA,0
10920,http_400,NA,NA,0
10921,http_400,NA,NA,0
10922,http_400,NA,NA,0
10923,http_400,NA,NA,0
10924,http_400,NA,NA,0
10925,http_400,NA,NA,0
10926,http_400,NA,NA,0
10927,http_400,NA,NA,0
10928,http_400,NA,NA,0
10929,http_400,NA,NA,0
10930,http_400,NA,NA,0
10931,http_400,NA,NA,0
10932,http_400,NA,NA,0
10933,http_400,NA,NA,0
10934,http_400,NA,NA,0
10935,http_400,NA,NA,0
10936,http_400,NA,NA,0
10937,http_400,NA,NA,0
10938,http_400,NA,NA,0
10939,http_400,NA,NA,0
10940,http_400,NA,NA,0
10941,http_400,NA,NA,0
10942,http_400,NA,NA,0
10943,http_400,NA,NA,0
10944,http_400,NA,NA,0
10945,http_400,NA,NA,0
10946,http_400,NA,NA,0
10947,http_400,NA,NA,0
10948,http_400,NA,NA,0
10949,http_400,NA,NA,0
10950,http_400,NA,NA,0
10951,http_400,NA,NA,0
10952,http_400,NA,NA,0
10953,http_400,NA,NA,0
10954,http_400,NA,NA,0
10955,http_400,NA,NA,0
10956,http_400,NA,NA,0
10957,http_400,NA,NA,0
10958,http_400,NA,NA,0
10959,http_400,NA,NA,0
10960,http_400,NA,NA,0
10961,http_400,NA,NA,0
10962,http_400,NA,NA,0
10963,http_400,NA,NA,0
10964,http_400,NA,NA,0
10965,http_400,NA,NA,0
10966,http_400,NA,NA,0
10967,http_400,NA,NA,0
10968,http_400,NA,NA,0
10969,http_400,NA,NA,0
10970,http_400,NA,NA,0
10971,http_400,NA,NA,0
10972,http_400,NA,NA,0
10973,http_400,NA,NA,0
10974,http_400,NA,NA,0
10975,http_400,NA,NA,0
10976,http_400,NA,NA,0
10977,http_400,NA,NA,0
10978,http_400,NA,NA,0
10979,http_400,NA,NA,0
10980,http_400,NA,NA,0
10981,http_400,NA,NA,0
10982,http_400,NA,NA,0
10983,http_400,NA,NA,0
10984,http_400,NA,NA,0
10985,http_400,NA,NA,0
10986,http_400,NA,NA,0
10987,http_400,NA,NA,0
10988,http_400,NA,NA,0
10989,http_400,NA,NA,0
10990,http_400,NA,NA,0
10991,http_400,NA,NA,0
10992,http_400,NA,NA,0
10993,http_400,NA,NA,0
10994,http_400,NA,NA,0
10995,http_400,NA,NA,0
10996,http_400,NA,NA,0
10997,http_400,NA,NA,0
10998,http_400,NA,NA,0
10999,http_400,NA,NA,0
11000,http_400,NA,NA,0
11001,http_400,NA,NA,0
11002,http_400,NA,NA,0
11003,http_400,NA,NA,0
11004,http_400,NA,NA,0
11005,http_400,NA,NA,0
11006,http_400,NA,NA,0
11007,http_400,NA,NA,0
11008,http_400,NA,NA,0
11009,http_400,NA,NA,0
11010,http_400,NA,NA,0
11011,http_400,NA,NA,0
11012,http_400,NA,NA,0
11013,http_400,NA,NA,0
11014,http_400,NA,NA,0
11015,http_400,NA,NA,0
11016,http_400,NA,NA,0
11017,http_400,NA,NA,0
11018,http_400,NA,NA,0
11019,http_400,NA,NA,0
11020,http_400,NA,NA,0
11021,http_400,NA,NA,0
11022,http_400,NA,NA,0
11023,http_400,NA,NA,0
11024,http_400,NA,NA,0
11025,http_400,NA,NA,0
11026,http_400,NA,NA,0
11027,http_400,NA,NA,0
11028,http_400,NA,NA,0
11029,http_400,NA,NA,0
11030,http_400,NA,NA,0
11031,http_400,NA,NA,0
11032,http_400,NA,NA,0
11033,http_400,NA,NA,0
11034,http_400,NA,NA,0
11035,http_400,NA,NA,0
11036,http_400,NA,NA,0
11037,http_400,NA,NA,0
11038,http_400,NA,NA,0
11039,http_400,NA,NA,0
11040,http_400,NA,NA,0
11041,http_400,NA,NA,0
11042,http_400,NA,NA,0
11043,http_400,NA,NA,0
11044,http_400,NA,NA,0
11045,http_400,NA,NA,0
11046,http_400,NA,NA,0
11047,http_400,NA,NA,0
11048,http_400,NA,NA,0
11049,http_400,NA,NA,0
11050,http_400,NA,NA,0
11051,http_400,NA,NA,0
11052,http_400,NA,NA,0
11053,http_400,NA,NA,0
11054,http_400,NA,NA,0
11055,http_400,NA,NA,0
11056,http_400,NA,NA,0
11057,http_400,NA,NA,0
11058,http_400,NA,NA,0
11059,http_400,NA,NA,0
11060,http_400,NA,NA,0
11061,http_400,NA,NA,0
11062,http_400,NA,NA,0
11063,http_400,NA,NA,0
11064,http_400,NA,NA,0
11065,http_400,NA,NA,0
11066,network_error,NA,NA,0
11067,http_400,NA,NA,0
11068,http_400,NA,NA,0
11069,http_400,NA,NA,0
11070,http_400,NA,NA,0
11071,http_400,NA,NA,0
11072,http_400,NA,NA,0
11073,http_400,NA,NA,0
11074,http_400,NA,NA,0
11075,http_400,NA,NA,0
11076,http_400,NA,NA,0
11077,http_400,NA,NA,0
11078,http_400,NA,NA,0
11079,http_400,NA,NA,0
11080,http_400,NA,NA,0
11081,http_400,NA,NA,0
11082,http_400,NA,NA,0
11083,http_400,NA,NA,0
11084,http_400,NA,NA,0
11085,http_400,NA,NA,0
11086,http_400,NA,NA,0
11087,http_400,NA,NA,0
11088,http_400,NA,NA,0
11089,http_400,NA,NA,0
11090,http_400,NA,NA,0
11091,http_400,NA,NA,0
11092,http_400,NA,NA,0
11093,http_400,NA,NA,0
11094,http_400,NA,NA,0
11095,http_400,NA,NA,0
11096,http_400,NA,NA,0
11097,http_400,NA,NA,0
11098,http_400,NA,NA,0
11099,http_400,NA,NA,0
11100,http_400,NA,NA,0
11101,http_400,NA,NA,0
11102,http_400,NA,NA,0
11103,http_400,NA,NA,0
11104,http_400,NA,NA,0
11105,http_400,NA,NA,0
11106,http_400,NA,NA,0
11107,http_400,NA,NA,0
11108,http_400,NA,NA,0
11109,http_400,NA,NA,0
11110,http_400,NA,NA,0
11111,http_400,NA,NA,0
11112,http_400,NA,NA,0
11113,http_400,NA,NA,0
11114,http_400,NA,NA,0
11115,http_400,NA,NA,0
11116,http_400,NA,NA,0
11117,http_400,NA,NA,0
11118,http_400,NA,NA,0
11119,http_400,NA,NA,0
11120,http_400,NA,NA,0
11121,http_400,NA,NA,0
11122,http_400,NA,NA,0
11123,http_400,NA,NA,0
11124,http_400,NA,NA,0
11125,http_400,NA,NA,0
11126,http_400,NA,NA,0
11127,http_400,NA,NA,0
11128,http_400,NA,NA,0
11129,http_400,NA,NA,0
11130,http_400,NA,NA,0
11131,http_400,NA,NA,0
11132,http_400,NA,NA,0
11133,http_400,NA,NA,0
11134,http_400,NA,NA,0
11135,http_400,NA,NA,0
11136,http_400,NA,NA,0
11137,http_400,NA,NA,0
11138,http_400,NA,NA,0
11139,http_400,NA,NA,0
11140,http_400,NA,NA,0
11141,http_400,NA,NA,0
11142,http_400,NA,NA,0
11143,http_400,NA,NA,0
11144,http_400,NA,NA,0
11145,http_400,NA,NA,0
11146,http_400,NA,NA,0
11147,http_400,NA,NA,0
11148,http_400,NA,NA,0
11149,http_400,NA,NA,0
11150,http_400,NA,NA,0
11151,http_400,NA,NA,0
11152,http_400,NA,NA,0
11153,http_400,NA,NA,0
11154,http_400,NA,NA,0
11155,http_400,NA,NA,0
11156,http_400,NA,NA,0
11157,http_400,NA,NA,0
11158,http_400,NA,NA,0
11159,http_400,NA,NA,0
11160,http_400,NA,NA,0
11161,http_400,NA,NA,0
11162,http_400,NA,NA,0
11163,http_400,NA,NA,0
11164,http_400,NA,NA,0
11165,http_400,NA,NA,0
11166,http_400,NA,NA,0
11167,http_400,NA,NA,0
11168,http_400,NA,NA,0
11169,http_400,NA,NA,0
11170,http_400,NA,NA,0
11171,http_400,NA,NA,0
11172,http_400,NA,NA,0
11173,http_400,NA,NA,0
11174,http_400,NA,NA,0
11175,http_400,NA,NA,0
11176,http_400,NA,NA,0
11177,http_400,NA,NA,0
11178,http_400,NA,NA,0
11179,http_400,NA,NA,0
11180,http_400,NA,NA,0
11181,http_400,NA,NA,0
11182,http_400,NA,NA,0
11183,http_400,NA,NA,0
11184,http_400,NA,NA,0
11185,http_400,NA,NA,0
11186,http_400,NA,NA,0
11187,http_400,NA,NA,0
11188,http_400,NA,NA,0
11189,http_400,NA,NA,0
11190,http_400,NA,NA,0
11191,http_400,NA,NA,0
11192,http_400,NA,NA,0
11193,http_400,NA,NA,0
11194,http_400,NA,NA,0
11195,http_400,NA,NA,0
11196,http_400,NA,NA,0
11197,http_400,NA,NA,0
11198,http_400,NA,NA,0
11199,http_400,NA,NA,0
11200,http_400,NA,NA,0
11201,http_400,NA,NA,0
11202,http_400,NA,NA,0
11203,http_400,NA,NA,0
11204,http_400,NA,NA,0
11205,http_400,NA,NA,0
11206,http_400,NA,NA,0
11207,http_400,NA,NA,0
11208,http_400,NA,NA,0
11209,http_400,NA,NA,0
11210,http_400,NA,NA,0
11211,http_400,NA,NA,0
11212,http_400,NA,NA,0
11213,http_400,NA,NA,0
11214,http_400,NA,NA,0
11215,http_400,NA,NA,0
11216,http_400,NA,NA,0
11217,http_400,NA,NA,0
11218,http_400,NA,NA,0
11219,http_400,NA,NA,0
11220,http_400,NA,NA,0
11221,http_400,NA,NA,0
11222,http_400,NA,NA,0
11223,http_400,NA,NA,0
11224,http_400,NA,NA,0
11225,http_400,NA,NA,0
11226,http_400,NA,NA,0
11227,http_400,NA,NA,0
11228,http_400,NA,NA,0
11229,http_400,NA,NA,0
11230,http_400,NA,NA,0
11231,http_400,NA,NA,0
11232,http_400,NA,NA,0
11233,http_400,NA,NA,0
11234,http_400,NA,NA,0
11235,http_400,NA,NA,0
11236,http_400,NA,NA,0
11237,http_400,NA,NA,0
11238,http_400,NA,NA,0
11239,http_400,NA,NA,0
11240,http_400,NA,NA,0
11241,http_400,NA,NA,0
11242,http_400,NA,NA,0
11243,http_400,NA,NA,0
11244,http_400,NA,NA,0
11245,http_400,NA,NA,0
11246,http_400,NA,NA,0
11247,http_400,NA,NA,0
11248,http_400,NA,NA,0
11249,http_400,NA,NA,0
11250,http_400,NA,NA,0
11251,http_400,NA,NA,0
11252,http_400,NA,NA,0
11253,http_400,NA,NA,0
11254,http_400,NA,NA,0
11255,http_400,NA,NA,0
11256,http_400,NA,NA,0
11257,http_400,NA,NA,0
11258,http_400,NA,NA,0
11259,http_400,NA,NA,0
11260,http_400,NA,NA,0
11261,http_400,NA,NA,0
11262,http_400,NA,NA,0
11263,http_400,NA,NA,0
11264,http_400,NA,NA,0
11265,http_400,NA,NA,0
11266,http_400,NA,NA,0
11267,http_400,NA,NA,0
11268,http_400,NA,NA,0
11269,http_400,NA,NA,0
11270,http_400,NA,NA,0
11271,http_400,NA,NA,0
11272,http_400,NA,NA,0
11273,http_400,NA,NA,0
11274,http_400,NA,NA,0
11275,http_400,NA,NA,0
11276,http_400,NA,NA,0
11277,http_400,NA,NA,0
11278,http_400,NA,NA,0
11279,http_400,NA,NA,0
11280,http_400,NA,NA,0
11281,http_400,NA,NA,0
11282,http_400,NA,NA,0
11283,http_400,NA,NA,0
11284,http_400,NA,NA,0
11285,http_400,NA,NA,0
11286,http_400,NA,NA,0
11287,http_400,NA,NA,0
11288,http_400,NA,NA,0
11289,http_400,NA,NA,0
11290,http_400,NA,NA,0
11291,http_400,NA,NA,0
11292,http_400,NA,NA,0
11293,http_400,NA,NA,0
11294,http_400,NA,NA,0
11295,http_400,NA,NA,0
11296,http_400,NA,NA,0
11297,http_400,NA,NA,0
11298,http_400,NA,NA,0
11299,http_400,NA,NA,0
11300,http_400,NA,NA,0
11301,http_400,NA,NA,0
11302,http_400,NA,NA,0
11303,http_400,NA,NA,0
11304,http_400,NA,NA,0
11305,http_400,NA,NA,0
11306,http_400,NA,NA,0
11307,http_400,NA,NA,0
11308,http_400,NA,NA,0
11309,http_400,NA,NA,0
11310,http_400,NA,NA,0
11311,http_400,NA,NA,0
11312,http_400,NA,NA,0
11313,http_400,NA,NA,0
11314,http_400,NA,NA,0
11315,http_400,NA,NA,0
11316,http_400,NA,NA,0
11317,http_400,NA,NA,0
11318,http_400,NA,NA,0
11319,http_400,NA,NA,0
11320,http_400,NA,NA,0
11321,http_400,NA,NA,0
11322,http_400,NA,NA,0
11323,http_400,NA,NA,0
11324,http_400,NA,NA,0
11325,http_400,NA,NA,0
11326,http_400,NA,NA,0
11327,http_400,NA,NA,0
11328,http_400,NA,NA,0
11329,http_400,NA,NA,0
11330,http_400,NA,NA,0
11331,http_400,NA,NA,0
11332,http_400,NA,NA,0
11333,http_400,NA,NA,0
11334,http_400,NA,NA,0
11335,http_400,NA,NA,0
11336,http_400,NA,NA,0
11337,http_400,NA,NA,0
11338,http_400,NA,NA,0
11339,http_400,NA,NA,0
11340,http_400,NA,NA,0
11341,http_400,NA,NA,0
11342,http_400,NA,NA,0
11343,http_400,NA,NA,0
11344,http_400,NA,NA,0
11345,http_400,NA,NA,0
11346,http_400,NA,NA,0
11347,http_400,NA,NA,0
11348,http_400,NA,NA,0
11349,http_400,NA,NA,0
11350,http_400,NA,NA,0
11351,http_400,NA,NA,0
11352,http_400,NA,NA,0
11353,http_400,NA,NA,0
11354,http_400,NA,NA,0
11355,http_400,NA,NA,0
11356,http_400,NA,NA,0
11357,http_400,NA,NA,0
11358,http_400,NA,NA,0
11359,http_400,NA,NA,0
11360,http_400,NA,NA,0
11361,http_400,NA,NA,0
11362,http_400,NA,NA,0
11363,http_400,NA,NA,0
11364,http_400,NA,NA,0
11365,http_400,NA,NA,0
11366,http_400,NA,NA,0
11367,http_400,NA,NA,0
11368,http_400,NA,NA,0
11369,http_400,NA,NA,0
11370,http_400,NA,NA,0
11371,http_400,NA,NA,0
11372,http_400,NA,NA,0
11373,http_400,NA,NA,0
11374,http_400,NA,NA,0
11375,http_400,NA,NA,0
11376,http_400,NA,NA,0
11377,http_400,NA,NA,0
11378,http_400,NA,NA,0
11379,http_400,NA,NA,0
11380,http_400,NA,NA,0
11381,http_400,NA,NA,0
11382,http_400,NA,NA,0
11383,http_400,NA,NA,0
11384,http_400,NA,NA,0
11385,http_400,NA,NA,0
11386,http_400,NA,NA,0
11387,http_400,NA,NA,0
11388,http_400,NA,NA,0
11389,http_400,NA,NA,0
11390,http_400,NA,NA,0
11391,http_400,NA,NA,0
11392,http_400,NA,NA,0
11393,http_400,NA,NA,0
11394,http_400,NA,NA,0
11395,http_400,NA,NA,0
11396,http_400,NA,NA,0
11397,http_400,NA,NA,0
11398,http_400,NA,NA,0
11399,http_400,NA,NA,0
11400,http_400,NA,NA,0
11401,http_400,NA,NA,0
11402,http_400,NA,NA,0
11403,http_400,NA,NA,0
11404,http_400,NA,NA,0
11405,http_400,NA,NA,0
11406,http_400,NA,NA,0
11407,http_400,NA,NA,0
11408,http_400,NA,NA,0
11409,http_400,NA,NA,0
11410,http_400,NA,NA,0
11411,http_400,NA,NA,0
11412,http_400,NA,NA,0
11413,http_400,NA,NA,0
11414,http_400,NA,NA,0
11415,http_400,NA,NA,0
11416,http_400,NA,NA,0
11417,http_400,NA,NA,0
11418,http_400,NA,NA,0
11419,http_400,NA,NA,0
11420,http_400,NA,NA,0
11421,http_400,NA,NA,0
11422,http_400,NA,NA,0
11423,http_400,NA,NA,0
11424,http_400,NA,NA,0
11425,http_400,NA,NA,0
11426,http_400,NA,NA,0
11427,http_400,NA,NA,0
11428,http_400,NA,NA,0
11429,http_400,NA,NA,0
11430,http_400,NA,NA,0
11431,http_400,NA,NA,0
11432,http_400,NA,NA,0
11433,http_400,NA,NA,0
11434,http_400,NA,NA,0
11435,http_400,NA,NA,0
11436,http_400,NA,NA,0
11437,http_400,NA,NA,0
11438,http_400,NA,NA,0
11439,http_400,NA,NA,0
11440,http_400,NA,NA,0
11441,http_400,NA,NA,0
11442,http_400,NA,NA,0
11443,http_400,NA,NA,0
11444,http_400,NA,NA,0
11445,http_400,NA,NA,0
11446,http_400,NA,NA,0
11447,http_400,NA,NA,0
11448,http_400,NA,NA,0
11449,http_400,NA,NA,0
11450,http_400,NA,NA,0
11451,http_400,NA,NA,0
11452,http_400,NA,NA,0
11453,http_400,NA,NA,0
11454,http_400,NA,NA,0
11455,http_400,NA,NA,0
11456,http_400,NA,NA,0
11457,http_400,NA,NA,0
11458,http_400,NA,NA,0
11459,http_400,NA,NA,0
11460,http_400,NA,NA,0
11461,http_400,NA,NA,0
11462,http_400,NA,NA,0
11463,http_400,NA,NA,0
11464,http_400,NA,NA,0
11465,http_400,NA,NA,0
11466,http_400,NA,NA,0
11467,http_400,NA,NA,0
11468,http_400,NA,NA,0
11469,http_400,NA,NA,0
11470,http_400,NA,NA,0
11471,http_400,NA,NA,0
11472,http_400,NA,NA,0
11473,http_400,NA,NA,0
11474,http_400,NA,NA,0
11475,http_400,NA,NA,0
11476,http_400,NA,NA,0
11477,http_400,NA,NA,0
11478,http_400,NA,NA,0
11479,http_400,NA,NA,0
11480,http_400,NA,NA,0
11481,http_400,NA,NA,0
11482,http_400,NA,NA,0
11483,http_400,NA,NA,0
11484,http_400,NA,NA,0
11485,http_400,NA,NA,0
11486,http_400,NA,NA,0
11487,http_400,NA,NA,0
11488,http_400,NA,NA,0
11489,http_400,NA,NA,0
11490,http_400,NA,NA,0
11491,http_400,NA,NA,0
11492,http_400,NA,NA,0
11493,network_error,NA,NA,0
11494,http_400,NA,NA,0
11495,http_400,NA,NA,0
11496,http_400,NA,NA,0
11497,http_400,NA,NA,0
11498,http_400,NA,NA,0
11499,http_400,NA,NA,0
11500,http_400,NA,NA,0
28000,http_400,NA,NA,0
28001,http_400,NA,NA,0
28002,http_400,NA,NA,0
28003,http_400,NA,NA,0
28004,http_400,NA,NA,0
28005,http_400,NA,NA,0
28006,http_400,NA,NA,0
28007,http_400,NA,NA,0
28008,http_400,NA,NA,0
28009,http_400,NA,NA,0
28010,http_400,NA,NA,0
28011,http_400,NA,NA,0
28012,http_400,NA,NA,0
28013,http_400,NA,NA,0
28014,http_400,NA,NA,0
28015,http_400,NA,NA,0
28016,http_400,NA,NA,0
28017,http_400,NA,NA,0
28018,http_400,NA,NA,0
28019,http_400,NA,NA,0
28020,http_400,NA,NA,0
28021,http_400,NA,NA,0
28022,http_400,NA,NA,0
28023,http_400,NA,NA,0
28024,http_400,NA,NA,0
28025,http_400,NA,NA,0
28026,http_400,NA,NA,0
28027,http_400,NA,NA,0
28028,http_400,NA,NA,0
28029,http_400,NA,NA,0
28030,http_400,NA,NA,0
28031,http_400,NA,NA,0
28032,http_400,NA,NA,0
28033,http_400,NA,NA,0
28034,http_400,NA,NA,0
28035,http_400,NA,NA,0
28036,http_400,NA,NA,0
28037,http_400,NA,NA,0
28038,http_400,NA,NA,0
28039,http_400,NA,NA,0
28040,http_400,NA,NA,0
28041,http_400,NA,NA,0
28042,http_400,NA,NA,0
28043,http_400,NA,NA,0
28044,http_400,NA,NA,0
28045,http_400,NA,NA,0
28046,http_400,NA,NA,0
28047,http_400,NA,NA,0
28048,http_400,NA,NA,0
28049,http_400,NA,NA,0
28050,http_400,NA,NA,0
28051,http_400,NA,NA,0
28052,http_400,NA,NA,0
28053,http_400,NA,NA,0
28054,http_400,NA,NA,0
28055,http_400,NA,NA,0
28056,http_400,NA,NA,0
28057,http_400,NA,NA,0
28058,http_400,NA,NA,0
28059,http_400,NA,NA,0
28060,http_400,NA,NA,0
28061,http_400,NA,NA,0
28062,http_400,NA,NA,0
28063,http_400,NA,NA,0
28064,http_400,NA,NA,0
28065,http_400,NA,NA,0
28066,http_400,NA,NA,0
28067,http_400,NA,NA,0
28068,http_400,NA,NA,0
28069,http_400,NA,NA,0
28070,http_400,NA,NA,0
28071,http_400,NA,NA,0
28072,http_400,NA,NA,0
28073,http_400,NA,NA,0
28074,http_400,NA,NA,0
28075,http_400,NA,NA,0
28076,http_400,NA,NA,0
28077,http_400,NA,NA,0
28078,http_400,NA,NA,0
28079,http_400,NA,NA,0
28080,http_400,NA,NA,0
28081,http_400,NA,NA,0
28082,http_400,NA,NA,0
28083,http_400,NA,NA,0
28084,http_400,NA,NA,0
28085,http_400,NA,NA,0
28086,http_400,NA,NA,0
28087,http_400,NA,NA,0
28088,http_400,NA,NA,0
28089,http_400,NA,NA,0
28090,http_400,NA,NA,0
28091,http_400,NA,NA,0
28092,http_400,NA,NA,0
28093,http_400,NA,NA,0
28094,http_400,NA,NA,0
28095,http_400,NA,NA,0
28096,http_400,NA,NA,0
28097,http_400,NA,NA,0
28098,http_400,NA,NA,0
28099,http_400,NA,NA,0
28100,http_400,NA,NA,0
28101,http_400,NA,NA,0
28102,http_400,NA,NA,0
28103,http_400,NA,NA,0
28104,http_400,NA,NA,0
28105,http_400,NA,NA,0
28106,http_400,NA,NA,0
28107,http_400,NA,NA,0
28108,http_400,NA,NA,0
28109,http_400,NA,NA,0
28110,http_400,NA,NA,0
28111,http_400,NA,NA,0
28112,http_400,NA,NA,0
28113,http_400,NA,NA,0
28114,http_400,NA,NA,0
28115,http_400,NA,NA,0
28116,http_400,NA,NA,0
28117,http_400,NA,NA,0
28118,http_400,NA,NA,0
28119,http_400,NA,NA,0
28120,http_400,NA,NA,0
28121,http_400,NA,NA,0
28122,http_400,NA,NA,0
28123,http_400,NA,NA,0
28124,http_400,NA,NA,0
28125,http_400,NA,NA,0
28126,http_400,NA,NA,0
28127,http_400,NA,NA,0
28128,http_400,NA,NA,0
28129,http_400,NA,NA,0
28130,http_400,NA,NA,0
28131,http_400,NA,NA,0
28132,http_400,NA,NA,0
28133,http_400,NA,NA,0
28134,http_400,NA,NA,0
28135,http_400,NA,NA,0
28136,http_400,NA,NA,0
28137,http_400,NA,NA,0
28138,http_400,NA,NA,0
28139,http_400,NA,NA,0
28140,http_400,NA,NA,0
28141,http_400,NA,NA,0
28142,http_400,NA,NA,0
28143,http_400,NA,NA,0
28144,http_400,NA,NA,0
28145,http_400,NA,NA,0
28146,http_400,NA,NA,0
28147,http_400,NA,NA,0
28148,http_400,NA,NA,0
28149,http_400,NA,NA,0
28150,http_400,NA,NA,0
28151,http_400,NA,NA,0
28152,http_400,NA,NA,0
28153,http_400,NA,NA,0
28154,http_400,NA,NA,0
28155,http_400,NA,NA,0
28156,http_400,NA,NA,0
28157,http_400,NA,NA,0
28158,http_400,NA,NA,0
28159,http_400,NA,NA,0
28160,http_400,NA,NA,0
28161,http_400,NA,NA,0
28162,http_400,NA,NA,0
28163,http_400,NA,NA,0
28164,http_400,NA,NA,0
28165,http_400,NA,NA,0
28166,http_400,NA,NA,0
28167,http_400,NA,NA,0
28168,http_400,NA,NA,0
28169,http_400,NA,NA,0
28170,http_400,NA,NA,0
28171,http_400,NA,NA,0
28172,http_400,NA,NA,0
28173,http_400,NA,NA,0
28174,http_400,NA,NA,0
28175,http_400,NA,NA,0
28176,http_400,NA,NA,0
28177,http_400,NA,NA,0
28178,http_400,NA,NA,0
28179,http_400,NA,NA,0
28180,http_400,NA,NA,0
28181,http_400,NA,NA,0
28182,http_400,NA,NA,0
28183,http_400,NA,NA,0
28184,http_400,NA,NA,0
28185,http_400,NA,NA,0
28186,http_400,NA,NA,0
28187,http_400,NA,NA,0
28188,http_400,NA,NA,0
28189,http_400,NA,NA,0
28190,http_400,NA,NA,0
28191,http_400,NA,NA,0
28192,http_400,NA,NA,0
28193,http_400,NA,NA,0
28194,http_400,NA,NA,0
28195,http_400,NA,NA,0
28196,http_400,NA,NA,0
28197,http_400,NA,NA,0
28198,http_400,NA,NA,0
28199,http_400,NA,NA,0
28200,http_400,NA,NA,0
28201,http_400,NA,NA,0
28202,http_400,NA,NA,0
28203,http_400,NA,NA,0
28204,http_400,NA,NA,0
28205,http_400,NA,NA,0
28206,http_400,NA,NA,0
28207,http_400,NA,NA,0
28208,http_400,NA,NA,0
28209,http_400,NA,NA,0
28210,http_400,NA,NA,0
28211,http_400,NA,NA,0
28212,http_400,NA,NA,0
28213,http_400,NA,NA,0
28214,http_400,NA,NA,0
28215,http_400,NA,NA,0
28216,http_400,NA,NA,0
28217,http_400,NA,NA,0
28218,http_400,NA,NA,0
28219,http_400,NA,NA,0
28220,http_400,NA,NA,0
28221,http_400,NA,NA,0
28222,http_400,NA,NA,0
28223,http_400,NA,NA,0
28224,http_400,NA,NA,0
28225,http_400,NA,NA,0
28226,http_400,NA,NA,0
28227,http_400,NA,NA,0
28228,http_400,NA,NA,0
28229,http_400,NA,NA,0
28230,http_400,NA,NA,0
28231,http_400,NA,NA,0
28232,http_400,NA,NA,0
28233,http_400,NA,NA,0
28234,http_400,NA,NA,0
28235,http_400,NA,NA,0
28236,http_400,NA,NA,0
28237,http_400,NA,NA,0
28238,http_400,NA,NA,0
28239,http_400,NA,NA,0
28240,http_400,NA,NA,0
28241,http_400,NA,NA,0
28242,http_400,NA,NA,0
28243,http_400,NA,NA,0
28244,http_400,NA,NA,0
28245,http_400,NA,NA,0
28246,http_400,NA,NA,0
28247,http_400,NA,NA,0
28248,http_400,NA,NA,0
28249,http_400,NA,NA,0
28250,http_400,NA,NA,0
28251,http_400,NA,NA,0
28252,http_400,NA,NA,0
28253,http_400,NA,NA,0
28254,http_400,NA,NA,0
28255,http_400,NA,NA,0
28256,http_400,NA,NA,0
28257,http_400,NA,NA,0
28258,http_400,NA,NA,0
28259,http_400,NA,NA,0
28260,http_400,NA,NA,0
28261,http_400,NA,NA,0
28262,http_400,NA,NA,0
28263,http_400,NA,NA,0
28264,http_400,NA,NA,0
28265,http_400,NA,NA,0
28266,http_400,NA,NA,0
28267,http_400,NA,NA,0
28268,http_400,NA,NA,0
28269,http_400,NA,NA,0
28270,http_400,NA,NA,0
28271,http_400,NA,NA,0
28272,http_400,NA,NA,0
28273,http_400,NA,NA,0
28274,http_400,NA,NA,0
28275,http_400,NA,NA,0
28276,http_400,NA,NA,0
28277,http_400,NA,NA,0
28278,http_400,NA,NA,0
28279,http_400,NA,NA,0
28280,http_400,NA,NA,0
28281,http_400,NA,NA,0
28282,http_400,NA,NA,0
28283,http_400,NA,NA,0
28284,http_400,NA,NA,0
28285,http_400,NA,NA,0
28286,http_400,NA,NA,0
28287,http_400,NA,NA,0
28288,http_400,NA,NA,0
28289,http_400,NA,NA,0
28290,http_400,NA,NA,0
28291,http_400,NA,NA,0
28292,http_400,NA,NA,0
28293,http_400,NA,NA,0
28294,http_400,NA,NA,0
28295,http_400,NA,NA,0
28296,http_400,NA,NA,0
28297,http_400,NA,NA,0
28298,http_400,NA,NA,0
28299,http_400,NA,NA,0
28300,http_400,NA,NA,0
28301,http_400,NA,NA,0
28302,http_400,NA,NA,0
28303,http_400,NA,NA,0
28304,http_400,NA,NA,0
28305,http_400,NA,NA,0
28306,http_400,NA,NA,0
28307,http_400,NA,NA,0
28308,http_400,NA,NA,0
28309,http_400,NA,NA,0
28310,http_400,NA,NA,0
28311,http_400,NA,NA,0
28312,http_400,NA,NA,0
28313,http_400,NA,NA,0
28314,http_400,NA,NA,0
28315,http_400,NA,NA,0
28316,http_400,NA,NA,0
28317,http_400,NA,NA,0
28318,http_400,NA,NA,0
28319,http_400,NA,NA,0
28320,http_400,NA,NA,0
28321,http_400,NA,NA,0
28322,http_400,NA,NA,0
28323,http_400,NA,NA,0
28324,http_400,NA,NA,0
28325,http_400,NA,NA,0
28326,http_400,NA,NA,0
28327,http_400,NA,NA,0
28328,http_400,NA,NA,0
28329,http_400,NA,NA,0
28330,http_400,NA,NA,0
28331,http_400,NA,NA,0
28332,http_400,NA,NA,0
28333,http_400,NA,NA,0
28334,http_400,NA,NA,0
28335,http_400,NA,NA,0
28336,http_400,NA,NA,0
28337,http_400,NA,NA,0
28338,http_400,NA,NA,0
28339,http_400,NA,NA,0
28340,http_400,NA,NA,0
28341,http_400,NA,NA,0
28342,http_400,NA,NA,0
28343,http_400,NA,NA,0
28344,http_400,NA,NA,0
28345,http_400,NA,NA,0
28346,http_400,NA,NA,0
28347,http_400,NA,NA,0
28348,http_400,NA,NA,0
28349,http_400,NA,NA,0
28350,http_400,NA,NA,0
28351,http_400,NA,NA,0
28352,http_400,NA,NA,0
28353,http_400,NA,NA,0
28354,http_400,NA,NA,0
28355,http_400,NA,NA,0
28356,http_400,NA,NA,0
28357,http_400,NA,NA,0
28358,http_400,NA,NA,0
28359,http_400,NA,NA,0
28360,http_400,NA,NA,0
28361,http_400,NA,NA,0
28362,http_400,NA,NA,0
28363,http_400,NA,NA,0
28364,http_400,NA,NA,0
28365,http_400,NA,NA,0
28366,http_400,NA,NA,0
28367,http_400,NA,NA,0
28368,http_400,NA,NA,0
28369,http_400,NA,NA,0
28370,http_400,NA,NA,0
28371,http_400,NA,NA,0
28372,http_400,NA,NA,0
28373,http_400,NA,NA,0
28374,http_400,NA,NA,0
28375,http_400,NA,NA,0
28376,http_400,NA,NA,0
28377,http_400,NA,NA,0
28378,http_400,NA,NA,0
28379,http_400,NA,NA,0
28380,http_400,NA,NA,0
28381,http_400,NA,NA,0
28382,http_400,NA,NA,0
28383,http_400,NA,NA,0
28384,http_400,NA,NA,0
28385,http_400,NA,NA,0
28386,http_400,NA,NA,0
28387,http_400,NA,NA,0
28388,http_400,NA,NA,0
28389,http_400,NA,NA,0
28390,http_400,NA,NA,0
28391,http_400,NA,NA,0
28392,http_400,NA,NA,0
28393,http_400,NA,NA,0
28394,http_400,NA,NA,0
28395,http_400,NA,NA,0
28396,http_400,NA,NA,0
28397,http_400,NA,NA,0
28398,http_400,NA,NA,0
28399,http_400,NA,NA,0
28400,http_400,NA,NA,0
28401,http_400,NA,NA,0
28402,http_400,NA,NA,0
28403,http_400,NA,NA,0
28404,http_400,NA,NA,0
28405,http_400,NA,NA,0
28406,http_400,NA,NA,0
28407,http_400,NA,NA,0
28408,http_400,NA,NA,0
28409,http_400,NA,NA,0
28410,http_400,NA,NA,0
28411,http_400,NA,NA,0
28412,http_400,NA,NA,0
28413,http_400,NA,NA,0
28414,http_400,NA,NA,0
28415,http_400,NA,NA,0
28416,http_400,NA,NA,0
28417,http_400,NA,NA,0
28418,http_400,NA,NA,0
28419,http_400,NA,NA,0
28420,http_400,NA,NA,0
28421,http_400,NA,NA,0
28422,http_400,NA,NA,0
28423,http_400,NA,NA,0
28424,http_400,NA,NA,0
28425,http_400,NA,NA,0
28426,http_400,NA,NA,0
28427,http_400,NA,NA,0
28428,http_400,NA,NA,0
28429,http_400,NA,NA,0
28430,http_400,NA,NA,0
28431,http_400,NA,NA,0
28432,http_400,NA,NA,0
28433,http_400,NA,NA,0
28434,http_400,NA,NA,0
28435,http_400,NA,NA,0
28436,http_400,NA,NA,0
28437,http_400,NA,NA,0
28438,http_400,NA,NA,0
28439,http_400,NA,NA,0
28440,http_400,NA,NA,0
28441,http_400,NA,NA,0
28442,http_400,NA,NA,0
28443,http_400,NA,NA,0
28444,http_400,NA,NA,0
28445,http_400,NA,NA,0
28446,http_400,NA,NA,0
28447,http_400,NA,NA,0
28448,http_400,NA,NA,0
28449,http_400,NA,NA,0
28450,http_400,NA,NA,0
28451,http_400,NA,NA,0
28452,http_400,NA,NA,0
28453,http_400,NA,NA,0
28454,http_400,NA,NA,0
28455,http_400,NA,NA,0
28456,http_400,NA,NA,0
28457,http_400,NA,NA,0
28458,http_400,NA,NA,0
28459,http_400,NA,NA,0
28460,http_400,NA,NA,0
28461,http_400,NA,NA,0
28462,http_400,NA,NA,0
28463,http_400,NA,NA,0
28464,http_400,NA,NA,0
28465,http_400,NA,NA,0
28466,http_400,NA,NA,0
28467,http_400,NA,NA,0
28468,http_400,NA,NA,0
28469,http_400,NA,NA,0
28470,http_400,NA,NA,0
28471,http_400,NA,NA,0
28472,http_400,NA,NA,0
28473,http_400,NA,NA,0
28474,http_400,NA,NA,0
28475,http_400,NA,NA,0
28476,http_400,NA,NA,0
28477,http_400,NA,NA,0
28478,http_400,NA,NA,0
28479,http_400,NA,NA,0
28480,http_400,NA,NA,0
28481,http_400,NA,NA,0
28482,http_400,NA,NA,0
28483,http_400,NA,NA,0
28484,http_400,NA,NA,0
28485,http_400,NA,NA,0
28486,http_400,NA,NA,0
28487,http_400,NA,NA,0
28488,http_400,NA,NA,0
28489,http_400,NA,NA,0
28490,http_400,NA,NA,0
28491,http_400,NA,NA,0
28492,http_400,NA,NA,0
28493,http_400,NA,NA,0
28494,http_400,NA,NA,0
28495,http_400,NA,NA,0
28496,http_400,NA,NA,0
28497,http_400,NA,NA,0
28498,http_400,NA,NA,0
28499,http_400,NA,NA,0
28500,http_400,NA,NA,0
28501,http_400,NA,NA,0
28502,http_400,NA,NA,0
28503,http_400,NA,NA,0
28504,http_400,NA,NA,0
28505,http_400,NA,NA,0
28506,http_400,NA,NA,0
28507,http_400,NA,NA,0
28508,http_400,NA,NA,0
28509,http_400,NA,NA,0
28510,http_400,NA,NA,0
28511,http_400,NA,NA,0
28512,http_400,NA,NA,0
28513,http_400,NA,NA,0
28514,http_400,NA,NA,0
28515,http_400,NA,NA,0
28516,http_400,NA,NA,0
28517,http_400,NA,NA,0
28518,http_400,NA,NA,0
28519,http_400,NA,NA,0
28520,http_400,NA,NA,0
28521,http_400,NA,NA,0
28522,http_400,NA,NA,0
28523,http_400,NA,NA,0
28524,http_400,NA,NA,0
28525,http_400,NA,NA,0
28526,http_400,NA,NA,0
28527,http_400,NA,NA,0
28528,http_400,NA,NA,0
28529,http_400,NA,NA,0
28530,http_400,NA,NA,0
28531,http_400,NA,NA,0
28532,http_400,NA,NA,0
28533,http_400,NA,NA,0
28534,http_400,NA,NA,0
28535,http_400,NA,NA,0
28536,http_400,NA,NA,0
28537,http_400,NA,NA,0
28538,http_400,NA,NA,0
28539,http_400,NA,NA,0
28540,http_400,NA,NA,0
28541,http_400,NA,NA,0
28542,http_400,NA,NA,0
28543,http_400,NA,NA,0
28544,http_400,NA,NA,0
28545,http_400,NA,NA,0
28546,http_400,NA,NA,0
28547,http_400,NA,NA,0
28548,http_400,NA,NA,0
28549,http_400,NA,NA,0
28550,http_400,NA,NA,0
28551,http_400,NA,NA,0
28552,http_400,NA,NA,0
28553,http_400,NA,NA,0
28554,http_400,NA,NA,0
28555,http_400,NA,NA,0
28556,http_400,NA,NA,0
28557,http_400,NA,NA,0
28558,http_400,NA,NA,0
28559,http_400,NA,NA,0
28560,http_400,NA,NA,0
28561,http_400,NA,NA,0
28562,http_400,NA,NA,0
28563,http_400,NA,NA,0
28564,http_400,NA,NA,0
28565,http_400,NA,NA,0
28566,http_400,NA,NA,0
28567,http_400,NA,NA,0
28568,http_400,NA,NA,0
28569,http_400,NA,NA,0
28570,http_400,NA,NA,0
28571,http_400,NA,NA,0
28572,http_400,NA,NA,0
28573,http_400,NA,NA,0
28574,http_400,NA,NA,0
28575,http_400,NA,NA,0
28576,http_400,NA,NA,0
28577,http_400,NA,NA,0
28578,http_400,NA,NA,0
28579,http_400,NA,NA,0
28580,http_400,NA,NA,0
28581,http_400,NA,NA,0
28582,http_400,NA,NA,0
28583,http_400,NA,NA,0
28584,http_400,NA,NA,0
28585,http_400,NA,NA,0
28586,http_400,NA,NA,0
28587,http_400,NA,NA,0
28588,http_400,NA,NA,0
28589,http_400,NA,NA,0
28590,http_400,NA,NA,0
28591,http_400,NA,NA,0
28592,http_400,NA,NA,0
28593,http_400,NA,NA,0
28594,http_400,NA,NA,0
28595,http_400,NA,NA,0
28596,http_400,NA,NA,0
28597,http_400,NA,NA,0
28598,http_400,NA,NA,0
28599,http_400,NA,NA,0
28600,http_400,NA,NA,0
28601,http_400,NA,NA,0
28602,http_400,NA,NA,0
28603,http_400,NA,NA,0
28604,http_400,NA,NA,0
28605,http_400,NA,NA,0
28606,http_400,NA,NA,0
28607,http_400,NA,NA,0
28608,http_400,NA,NA,0
28609,http_400,NA,NA,0
28610,http_400,NA,NA,0
28611,http_400,NA,NA,0
28612,http_400,NA,NA,0
28613,http_400,NA,NA,0
28614,http_400,NA,NA,0
28615,http_400,NA,NA,0
28616,http_400,NA,NA,0
28617,http_400,NA,NA,0
28618,http_400,NA,NA,0
28619,http_400,NA,NA,0
28620,http_400,NA,NA,0
28621,http_400,NA,NA,0
28622,http_400,NA,NA,0
28623,http_400,NA,NA,0
28624,http_400,NA,NA,0
28625,http_400,NA,NA,0
28626,http_400,NA,NA,0
28627,http_400,NA,NA,0
28628,http_400,NA,NA,0
28629,http_400,NA,NA,0
28630,http_400,NA,NA,0
28631,http_400,NA,NA,0
28632,http_400,NA,NA,0
28633,http_400,NA,NA,0
28634,http_400,NA,NA,0
28635,http_400,NA,NA,0
28636,http_400,NA,NA,0
28637,http_400,NA,NA,0
28638,http_400,NA,NA,0
28639,http_400,NA,NA,0
28640,http_400,NA,NA,0
28641,http_400,NA,NA,0
28642,http_400,NA,NA,0
28643,http_400,NA,NA,0
28644,http_400,NA,NA,0
28645,http_400,NA,NA,0
28646,http_400,NA,NA,0
28647,http_400,NA,NA,0
28648,http_400,NA,NA,0
28649,http_400,NA,NA,0
28650,http_400,NA,NA,0
28651,http_400,NA,NA,0
28652,http_400,NA,NA,0
28653,http_400,NA,NA,0
28654,http_400,NA,NA,0
28655,no_data,NA,NA,0
28656,ok,1,NA,13
28657,ok,2-6,NA,13
28658,ok,7-13,NA,13
28659,ok,14-20,NA,13
28660,ok,21-29,NA,13
28661,ok,30-59,NA,13
28662,ok,60-89,NA,13
28663,ok,90-119,NA,13
28664,ok,120-149,NA,13
28665,ok,150-179,NA,13
28666,ok,180-209,NA,13
28667,ok,210-239,NA,13
28668,ok,240-269,NA,13
28669,ok,270-359,NA,13
28670,ok,360-539,NA,13
28671,ok,540-719,NA,13
28672,ok,720-1079,NA,13
28673,ok,1080-1439,NA,13
28674,ok,1440-1799,NA,13
28675,ok,Más de 1800,NA,13
28676,no_data,NA,NA,0
28677,ok,1,NA,13
28678,ok,2-6,NA,13
28679,ok,7-13,NA,13
28680,ok,14-20,NA,13
28681,ok,21-29,NA,13
28682,ok,30-59,NA,13
28683,ok,60-89,NA,13
28684,ok,90-119,NA,13
28685,ok,120-149,NA,13
28686,ok,150-179,NA,13
28687,ok,180-209,NA,13
28688,ok,210-239,NA,13
28689,ok,240-269,NA,13
28690,ok,270-359,NA,13
28691,ok,360-539,NA,13
28692,ok,540-719,NA,13
28693,ok,720-1079,NA,13
28694,ok,1080-1439,NA,13
28695,ok,1440-1799,NA,13
28696,ok,Más de 1800,NA,13
28697,no_data,NA,NA,0
28698,ok,1,NA,13
28699,ok,2-6,NA,13
28700,ok,7-13,NA,13
28701,ok,14-20,NA,13
28702,ok,21-29,NA,13
28703,ok,30-59,NA,13
28704,ok,60-89,NA,13
28705,ok,90-119,NA,13
28706,ok,120-149,NA,13
28707,ok,150-179,NA,13
28708,ok,180-209,NA,13
28709,ok,210-239,NA,13
28710,ok,240-269,NA,13
28711,ok,270-359,NA,13
28712,ok,360-539,NA,13
28713,ok,540-719,NA,13
28714,ok,720-1079,NA,13
28715,ok,1080-1439,NA,13
28716,ok,1440-1799,NA,13
28717,ok,Más de 1800,NA,13
28718,no_data,NA,NA,0
28719,ok,1,NA,13
28720,ok,2-6,NA,13
28721,ok,7-13,NA,13
28722,ok,14-20,NA,13
28723,ok,21-29,NA,13
28724,ok,30-59,NA,13
28725,ok,60-89,NA,13
28726,ok,90-119,NA,13
28727,ok,120-149,NA,13
28728,ok,150-179,NA,13
28729,ok,180-209,NA,13
28730,ok,210-239,NA,13
28731,ok,240-269,NA,13
28732,ok,270-359,NA,13
28733,ok,360-539,NA,13
28734,ok,540-719,NA,13
28735,ok,720-1079,NA,13
28736,ok,1080-1439,NA,13
28737,ok,1440-1799,NA,13
28738,ok,Más de 1800,NA,13
28739,no_data,NA,NA,0
28740,ok,1,NA,13
28741,ok,2-6,NA,13
28742,ok,7-13,NA,13
28743,ok,14-20,NA,13
28744,ok,21-29,NA,13
28745,ok,30-59,NA,13
28747,ok,90-119,NA,13
28748,ok,120-149,NA,13
28749,ok,150-179,NA,13
28750,ok,180-209,NA,13
28751,ok,210-239,NA,13
28752,ok,240-269,NA,13
28753,ok,270-359,NA,13
28754,ok,360-539,NA,13
28755,ok,540-719,NA,13
28756,ok,720-1079,NA,13
28757,ok,1080-1439,NA,13
28758,ok,1440-1799,NA,13
28759,ok,Más de 1800,NA,13
28760,no_data,NA,NA,0
28761,ok,1,NA,13
28762,ok,2-6,NA,13
28763,ok,7-13,NA,13
28764,ok,14-20,NA,13
28765,ok,21-29,NA,13
28766,ok,30-59,NA,13
28767,ok,60-89,NA,13
28768,ok,90-119,NA,13
28769,ok,120-149,NA,13
28770,ok,150-179,NA,13
28771,ok,180-209,NA,13
28772,ok,210-239,NA,13
28773,ok,240-269,NA,13
28774,ok,270-359,NA,13
28775,ok,360-539,NA,13
28776,ok,540-719,NA,13
28777,ok,720-1079,NA,13
28778,ok,1080-1439,NA,13
28779,ok,1440-1799,NA,13
28780,ok,Más de 1800,NA,13
28781,http_400,NA,NA,0
28782,no_data,NA,NA,0
28783,ok,Tasa pasivas por plazo dólares OSD 1 día,NA,13
28784,ok,Tasa pasivas por plazo dólares OSD 2-6 días,NA,13
28785,ok,Tasa pasivas por plazo dólares OSD 7-13 días,NA,13
28786,ok,Tasa pasivas por plazo dólares OSD 14-20 días,NA,13
28787,ok,Tasa pasivas por plazo dólares OSD 21-29 días,NA,13
28788,ok,Tasa pasivas por plazo dólares OSD 30-59 días,NA,13
28789,ok,Tasa pasivas por plazo dólares OSD 60-89 días,NA,13
28790,ok,Tasa pasivas por plazo dólares OSD 90-119 días,NA,13
28791,ok,Tasa pasivas por plazo dólares OSD 120-149 días,NA,13
28792,ok,Tasa pasivas por plazo dólares OSD 150-179 días,NA,13
28793,ok,Tasa pasivas por plazo dólares OSD 180-209 días,NA,13
28794,ok,Tasa pasivas por plazo dólares OSD 210-239 días,NA,13
28795,ok,Tasa pasivas por plazo dólares OSD 240-269 días,NA,13
28796,ok,Tasa pasivas por plazo dólares OSD 270-359 días,NA,13
28797,ok,Tasa pasivas por plazo dólares OSD 360-539 días,NA,13
28798,ok,Tasa pasivas por plazo dólares OSD 540-719 días,NA,13
28799,ok,Tasa pasivas por plazo dólares OSD 720-1079 días,NA,13
28800,ok,Tasa pasivas por plazo dólares OSD 1080-1439 días,NA,13
28801,ok,Tasa pasivas por plazo dólares OSD 1440-1799 días,NA,13
28802,ok,Tasa pasivas por plazo dólares OSD Más de 1800 días,NA,13
28803,no_data,NA,NA,0
28804,ok,"Tasa pasivas por plazo dólares, bancos públicos,  1 día",NA,13
28805,ok,"Tasa pasivas por plazo dólares, bancos públicos,  2-6 días",NA,13
28806,ok,"Tasa pasivas por plazo dólares, bancos públicos,  7-13 días",NA,13
28807,ok,"Tasa pasivas por plazo dólares, bancos públicos,  14-20 días",NA,13
28808,ok,"Tasa pasivas por plazo dólares, bancos públicos,  21-29 días",NA,13
28809,ok,"Tasa pasivas por plazo dólares, bancos públicos,  30-59 días",NA,13
28810,ok,"Tasa pasivas por plazo dólares, bancos públicos,  60-89 días",NA,13
28811,ok,"Tasa pasivas por plazo dólares, bancos públicos,  90-119 días",NA,13
28812,ok,"Tasa pasivas por plazo dólares, bancos públicos,  120-149 días",NA,13
28813,ok,"Tasa pasivas por plazo dólares, bancos públicos,  150-179 días",NA,13
28814,ok,"Tasa pasivas por plazo dólares, bancos públicos,  180-209 días",NA,13
28815,ok,"Tasa pasivas por plazo dólares, bancos públicos,  210-239 días",NA,13
28816,ok,"Tasa pasivas por plazo dólares, bancos públicos,  240-269 días",NA,13
28817,ok,"Tasa pasivas por plazo dólares, bancos públicos,  270-359 días",NA,13
28818,ok,"Tasa pasivas por plazo dólares, bancos públicos,  360-539 días",NA,13
28819,ok,"Tasa pasivas por plazo dólares, bancos públicos,  540-719 días",NA,13
28820,ok,"Tasa pasivas por plazo dólares, bancos públicos,  720-1079 días",NA,13
28821,ok,"Tasa pasivas por plazo dólares, bancos públicos,  1080-1439 días",NA,13
28822,ok,"Tasa pasivas por plazo dólares, bancos públicos,  1440-1799 días",NA,13
28823,ok,"Tasa pasivas por plazo dólares, bancos públicos,  Más de 1800 días",NA,13
28824,no_data,NA,NA,0
28825,ok,"Tasa pasivas por plazo dólares, bancos privados,  1 día",NA,13
28826,ok,"Tasa pasivas por plazo dólares, bancos privados,  2-6 días",NA,13
28827,ok,"Tasa pasivas por plazo dólares, bancos privados,  7-13 días",NA,13
28828,ok,"Tasa pasivas por plazo dólares, bancos privados,  14-20 días",NA,13
28829,ok,"Tasa pasivas por plazo dólares, bancos privados,  21-29 días",NA,13
28830,ok,"Tasa pasivas por plazo dólares, bancos privados,  30-59 días",NA,13
28831,ok,"Tasa pasivas por plazo dólares, bancos privados,  60-89 días",NA,13
28832,ok,"Tasa pasivas por plazo dólares, bancos privados,  90-119 días",NA,13
28833,ok,"Tasa pasivas por plazo dólares, bancos privados,  120-149 días",NA,13
28834,ok,"Tasa pasivas por plazo dólares, bancos privados,  150-179 días",NA,13
28835,ok,"Tasa pasivas por plazo dólares, bancos privados,  180-209 días",NA,13
28836,ok,"Tasa pasivas por plazo dólares, bancos privados,  210-239 días",NA,13
28837,ok,"Tasa pasivas por plazo dólares, bancos privados,  240-269 días",NA,13
28838,ok,"Tasa pasivas por plazo dólares, bancos privados,  270-359 días",NA,13
28839,ok,"Tasa pasivas por plazo dólares, bancos privados,  360-539 días",NA,13
28840,ok,"Tasa pasivas por plazo dólares, bancos privados,  540-719 días",NA,13
28841,ok,"Tasa pasivas por plazo dólares, bancos privados,  720-1079 días",NA,13
28842,ok,"Tasa pasivas por plazo dólares, bancos privados,  1080-1439 días",NA,13
28843,ok,"Tasa pasivas por plazo dólares, bancos privados,  1440-1799 días",NA,13
28844,ok,"Tasa pasivas por plazo dólares, bancos privados,  Más de 1800 días",NA,13
28845,no_data,NA,NA,0
28846,ok,"Tasa pasivas por plazo dólares, cooperativas,  1 día",NA,13
28847,ok,"Tasa pasivas por plazo dólares, cooperativas,  2-6 días",NA,13
28848,ok,"Tasa pasivas por plazo dólares, cooperativas,  7-13 días",NA,13
28849,ok,"Tasa pasivas por plazo dólares, cooperativas,  14-20 días",NA,13
28850,ok,"Tasa pasivas por plazo dólares, cooperativas,  21-29 días",NA,13
28851,ok,"Tasa pasivas por plazo dólares, cooperativas,  30-59 días",NA,13
28852,ok,"Tasa pasivas por plazo dólares, cooperativas,  60-89 días",NA,13
28853,ok,"Tasa pasivas por plazo dólares, cooperativas,  90-119 días",NA,13
28854,ok,"Tasa pasivas por plazo dólares, cooperativas,  120-149 días",NA,13
28855,ok,"Tasa pasivas por plazo dólares, cooperativas,  150-179 días",NA,13
28856,ok,"Tasa pasivas por plazo dólares, cooperativas,  180-209 días",NA,13
28857,ok,"Tasa pasivas por plazo dólares, cooperativas,  210-239 días",NA,13
28858,ok,"Tasa pasivas por plazo dólares, cooperativas,  240-269 días",NA,13
28859,ok,"Tasa pasivas por plazo dólares, cooperativas,  270-359 días",NA,13
28860,ok,"Tasa pasivas por plazo dólares, cooperativas,  360-539 días",NA,13
28861,ok,"Tasa pasivas por plazo dólares, cooperativas,  540-719 días",NA,13
28862,ok,"Tasa pasivas por plazo dólares, cooperativas,  720-1079 días",NA,13
28863,ok,"Tasa pasivas por plazo dólares, cooperativas,  1080-1439 días",NA,13
28864,ok,"Tasa pasivas por plazo dólares, cooperativas,  1440-1799 días",NA,13
28865,ok,"Tasa pasivas por plazo dólares, cooperativas,  Más de 1800 días",NA,13
28866,no_data,NA,NA,0
28867,ok,"Tasa pasivas por plazo dólares, mutuales,  1 día",NA,13
28868,ok,"Tasa pasivas por plazo dólares, mutuales,  2-6 días",NA,13
28869,ok,"Tasa pasivas por plazo dólares, mutuales,  7-13 días",NA,13
28870,ok,"Tasa pasivas por plazo dólares, mutuales,  14-20 días",NA,13
28871,ok,"Tasa pasivas por plazo dólares, mutuales,  21-29 días",NA,13
28872,ok,"Tasa pasivas por plazo dólares, mutuales,  30-59 días",NA,13
28873,ok,"Tasa pasivas por plazo dólares, mutuales,  60-89 días",NA,13
28874,ok,"Tasa pasivas por plazo dólares, mutuales,  90-119 días",NA,13
28875,ok,"Tasa pasivas por plazo dólares, mutuales,  120-149 días",NA,13
28876,ok,"Tasa pasivas por plazo dólares, mutuales,  150-179 días",NA,13
28877,ok,"Tasa pasivas por plazo dólares, mutuales,  180-209 días",NA,13
28878,ok,"Tasa pasivas por plazo dólares, mutuales,  210-239 días",NA,13
28879,ok,"Tasa pasivas por plazo dólares, mutuales,  240-269 días",NA,13
28880,ok,"Tasa pasivas por plazo dólares, mutuales,  270-359 días",NA,13
28881,ok,"Tasa pasivas por plazo dólares, mutuales,  360-539 días",NA,13
28882,ok,"Tasa pasivas por plazo dólares, mutuales,  540-719 días",NA,13
28883,ok,"Tasa pasivas por plazo dólares, mutuales,  720-1079 días",NA,13
28884,ok,"Tasa pasivas por plazo dólares, mutuales,  1080-1439 días",NA,13
28885,ok,"Tasa pasivas por plazo dólares, mutuales,  1440-1799 días",NA,13
28886,ok,"Tasa pasivas por plazo dólares, mutuales,  Más de 1800 días",NA,13
28887,no_data,NA,NA,0
28888,ok,"Tasa pasivas por plazo dólares, financieras,  1 día",NA,13
28889,ok,"Tasa pasivas por plazo dólares, financieras,  2-6 días",NA,13
28890,ok,"Tasa pasivas por plazo dólares, financieras,  7-13 días",NA,13
28891,ok,"Tasa pasivas por plazo dólares, financieras,  14-20 días",NA,13
28892,ok,"Tasa pasivas por plazo dólares, financieras,  21-29 días",NA,13
28893,ok,"Tasa pasivas por plazo dólares, financieras,  30-59 días",NA,13
28894,ok,"Tasa pasivas por plazo dólares, financieras,  60-89 días",NA,13
28895,ok,"Tasa pasivas por plazo dólares, financieras,  90-119 días",NA,13
28896,ok,"Tasa pasivas por plazo dólares, financieras,  120-149 días",NA,13
28897,ok,"Tasa pasivas por plazo dólares, financieras,  150-179 días",NA,13
28898,ok,"Tasa pasivas por plazo dólares, financieras,  180-209 días",NA,13
28899,ok,"Tasa pasivas por plazo dólares, financieras,  210-239 días",NA,13
28900,ok,"Tasa pasivas por plazo dólares, financieras,  240-269 días",NA,13
